scenario,topic,text
english_romanticism,a character walking alone at dusk,"Upon the brow of the darkening heath, I walked alone as the last embers of the day sank beneath the western hills. A profound hush descended upon the valley, laden with the melancholic majesty of evening’s birth. The sky, late a brilliant canopy of gold and crimson, dissolved into the soft, bruised violet of twilight. High above the whispering pines, Hesperus emerged—a solitary pearl suspended in the quiet void.

In this sacred hour, the tumult of the mortal world yielded to the sublime stillness of the earth. Each step across the dew-kissed moss felt like a silent communion with the spirit of solitude. The cool breath of the night wind stirred the ferns, carrying the faint, mournful hymn of a distant stream—a melody that spoke not of sorrow, but of timeless peace. Bound by neither care nor fleeting ambition, I lingered in the gathering shadows, my heart swelling with a strange, sweet ache, lost entirely within the vast and sacred temple of nature."
english_romanticism,an unexpected encounter between two strangers,"Through the twilight mists that draped the solitary crag, I wandered, lost in the melancholy music of my own restless thoughts. The world below had dissolved into a quiet sea of shadow, leaving only the sky and the whispering pines to bear witness to my grief. 

Then, upon the narrow mountain track, a figure emerged from the gathering gloom. She moved not as one burdened by mortality, but like a transient spirit born of the evening air. For a fleeting instant, our paths collided beneath the pale, awakening moon. No word was spoken, yet as her gaze met mine—a gaze deep and dark as a highland tarn—an unspoken tide of wild, ethereal sympathy surged between our souls. 

In that brief, sublime communion, the heavy shroud of my solitude vanished. She passed into the vaporous night, a phantom wanderer destined for some distant, unmapped shore, yet leaving behind an everlasting ember of wonder in my breast, forever altering the silent landscape of my heart."
english_romanticism,a difficult decision at a turning point,"Upon the craggy verge of twilight’s reign,
Where tempest-driven winds and shadows meet,
I stand suspended o'er the silent plain,
With heavy heart and slow, reluctant feet.
Two paths diverge beneath the brooding sky:
One winds through sheltered vales of quiet ease,
Where gentle memories forgotten lie,
Lulled by the murmur of the ancient trees.

The other climbs the dark, abyssal height,
Where lightning cleaves the wild, untamed expanse;
It calls my restless spirit to the night,
To risk the ruin of a lawless chance.
A heavy anguish grips my divided soul—
To linger in the calm, or dare the sea?
For once the step is taken toward the goal,
No mortal foot to yesterday can flee.

The heart's fierce agony demands an end;
I turn my gaze toward the thunderous peak,
And cast my fate where dark and lightning blend,
To find the sacred truth my longings seek."
english_romanticism,a description of the interior of a room or dwelling,"A solemn quietude abode within those timbered walls, where Time itself seemed suspended in a dream of faded grandeur. Upon the ancient oaken floor, soft shafts of amber light danced through a high, arched casement, framing a wild expanse of mist-wreathed hills beyond. Here, where encroaching ivy strayed across the stone sill, Nature extended her gentle fingers into the sanctuary of man. 

Though the hearth lay slumbering in grey ash, the chamber breathed a subtle warmth born of quiet memory; towering shelves of leather-bound volumes lined the shadowy nooks, their yellowed leaves murmuring forgotten lore to the stillness. A solitary chair rested beside the glass, poised as if to contemplate the shifting canopy of heaven, where pale clouds drifted in sublime and mournful grace. In this secluded bower, far removed from the tumult of the restless world, the weary mind might shed its earthly weight. The air was rich with the scent of aged pine, and every ray of sun bore floating motes of gold—like spirits suspended in a trance of pure, immortal peace."
american_dystopian,a character walking alone at dusk,"The sun didn’t set so much as it was extinguished, smothered under a heavy quilt of chemical gray that bled into twilight. Miller pulled his lapels tight against the sharp, metallic evening air. He kept his eyes fixed on the cracked pavement, keeping his footsteps to a practiced, unhurried rhythm. In the Sector, to walk too fast was a confession; to linger was a death sentence.

On either side of the avenue, the soot-stained residential towers hummed with the cold, electric blue glow of mandatory screens. Through the polluted haze, the overhead drone-lines vibrated in his teeth—a high-pitched whine like a million trapped flies. Dusk was the hour of transition, when the day shift surrendered to the night sweeps, and for one fragile moment, the city seemed to hold its breath. 

A sudden bloom of crimson light washed over the street as an automated watcher swept its optic beam across the intersection. Miller froze, his breath catching in his throat like broken glass. Behind him, his long shadow stretched across the concrete, looking like a desperate fugitive trying to run away from his own boots."
american_dystopian,an unexpected encounter between two strangers,"The neon glow of the Loyalty Spires bled through the perpetual smog, painting the wet concrete in sickly violet. Silas pulled his synthetic collar high against the chemical rain, keeping his eyes fixed on the cracked pavement. Eye contact was a risk; conversation was an offense.

A shadow shifted in the alcove of a decommissioned telescreen. Silas stiffened, his hand darting to his ration pass, preparing his rehearsed greeting for an enforcer. But no siren wailed.

Instead, a woman stepped into the dim light. Her coveralls were torn at the sleeve, exposing a wrist suspiciously free of the mandatory optic-tracker. She didn't speak. In the suffocating silence of Sector 4, speech was dangerously heavy. 

Slowly, she extended a gloved hand and opened her palm. Nestled in her grimy fingers was a dried, yellow dandelion—an illegal fragment of unmonitored earth. 

Silas gasped, a sound quickly swallowed by the distant hum of patrol drones. Her eyes, bright and terrified, held his for three agonizing heartbeats. Then, without a word, she pressed the brittle stem into his palm, turned, and dissolved into the ash-gray mist."
american_dystopian,a difficult decision at a turning point,"The telescreen on the brick wall hummed with endless electric static, casting a sickly blue haze across the damp alleyway. In Miller’s trembling, soot-stained hands rested an anomaly: a cloth-bound book, its yellowed pages smelling of dry autumn leaves and forgotten time. 

He had ten seconds before the thermal sweepers swept the block. 

If he dropped the volume into the incinerator chute, the red eye above the iron door would glow green. His ration allotment would double, and his name would remain unblemished by the ruinous crime of memory. He would live to see another gray dawn, safe within the cold, collective hive. 

If he slipped it beneath his jacket, he became a ghost waiting to be erased. The choice wasn't merely between survival and execution; it was between breathing as a mechanical cog or dying as a human being. 

The heavy steel boots of the patrol squealed against the slick asphalt, closing in. 

Miller took a jagged breath, shoved the book tight against his ribs, and stepped out from the shadow of the chute into the blinding glare of the street."
american_dystopian,a description of the interior of a room or dwelling,"The apartment contained no corners that could hide from the persistent, milky glow of the parlor screen. Its four walls were paneled in seamless gray plastic, scrubbed clean of any human touch and smelling faintly of ozone and industrial bleach. A single metal-framed cot occupied the center of the room, its coarse wool blanket pulled so taut it resembled a polished sheet of lead. Beside it sat a recessed alcove housing the automated ration port, its amber light pulsing in rhythmic unison with the lens of the ceiling monitor. 

There were no bookshelves, no framed photographs, no mirrors to reflect the hollow eyes of the room’s occupant. The window was merely a high-definition optic panel displaying a perpetual, curated loop of a sunlit meadow, though the actual temperature in the room remained locked at a chilling sixty-eight degrees. Every surface vibrated with a low, sub-audible hum—the steady, mechanical breathing of the Sector grid, reminding anyone who listened that privacy was an obsolete word, excised from the dictionary long ago."
russian_literature,a character walking alone at dusk,"The bruised, violet light of dusk seeped through the heavy mist over St. Petersburg, casting long, skeletal shadows across the muddy cobblestones of the Fontanka embankment. Pyotr Alexandrovich pulled his worn, threadbare overcoat tighter against the damp chill—a cold that seemed to emanate not from the freezing Neva, but from the very depths of his own troubled conscience. The city was sinking into that peculiar, suffocating gloom wherein every flickering streetlamp resembled a dying soul. 

He walked without a destination, his heavy boots clicking rhythmically against the stone, each step echoing the relentless cadence of his internal torment. How utterly insignificant man appeared beneath this vast, indifferent sky! Around him, the sparse figures of late passersby glided like ghosts, wrapped in their own petty griefs, blind to the tragedy unfolding within his chest. A sharp gust of wind tore at his collar, but Pyotr welcomed the sting; a physical misery was far easier to bear than the quiet, devastating realization that he had betrayed his purest ideals, and that God, in His silent heavens, had abandoned him to the dark."
russian_literature,an unexpected encounter between two strangers,"The blizzard howled along Nevsky Prospekt, wrapping the flickering gas lamps in a ghostly gloom. Arkady Nikolayevich, his threadbare cloak offering small comfort against the biting St. Petersburg frost, hurried headlong into the obscurity, his mind consumed by a feverish, inexplicable despair. 

Suddenly, he collided violently with a tall figure emerging from the swirling snow. Arkady staggered back, muttering a hasty, defensive apology. Yet the stranger did not pass by. Instead, he reached out a gloved hand to steady Arkady, his grasp surprisingly firm, almost merciful. 

Beneath the brim of a snow-dusted hat, two dark, sunken eyes fixed upon Arkady with an intensity that seemed to pierce his very soul. There was no malice in that gaze, only a profound, terrifying understanding—the quiet recognition of two wretched souls condemned to wander the same earthly purgatory. 

""Ah, brother,"" the stranger whispered, his voice dry as winter leaves. ""We are all searching for a light that does not exist in this wretched world."" 

Before Arkady could reply, the man dissolved into the white tempest, leaving him paralyzed in the frozen street, his heart pounding with a strange, divine terror."
russian_literature,a difficult decision at a turning point,"The oil lamp sputtered in the damp gloom of the study, casting long, grotesque shadows against the faded damask walls. Pyotr Alexeyevich stared at the yellowed document on the mahogany desk. Within those few lines lay the power to restore his lost estate and clear his disgraced name—yet to present it would send innocent young Lev Nikolayevich to the cold expanse of Siberia.

A feverish heat rushed to Pyotr’s temples. Outside, the Petersburg blizzard howled against the frost-rimed glass, mocking the tempest in his soul. Was not self-preservation the ultimate law of human existence? Why suffer for another’s foolish nobility? Yet, as his trembling fingers touched the ink, an agonizing clarity pierced his heart. To choose comfort through deceit was not salvation, but a quiet, living damnation. He might retain his wealth, but he would walk the earth a moral corpse, forever haunted by his cowardice. 

The wall clock struck one, its metallic heartbeat measuring the death of his old life. With a ragged exhale, Pyotr thrust the paper into the glowing embers of the stove. As the flames consumed his worldly salvation, tears washed the fever from his eyes, and his soul knew peace."
russian_literature,a description of the interior of a room or dwelling,"It was less a room than a low-ceilinged closet, wedged under the very eaves of a sprawling house on Sadovaya Street. A sickly yellow wallpaper, peeled at the seams like rotting bark, clung to the damp walls, imparting to the space the suffocating odor of stale cabbage and old paper. In the far corner, beneath a dust-laden icon of the Savior whose silver *riza* had long since lost its luster, burned a faint, sputtering lamp, casting long, trembling shadows across the ceiling. 

The furniture consisted of a narrow iron bed covered by a threadbare quilt, a rickety birch table stained with dried ink, and a single wooden chair with a cracked back. On the table sat a cold, tarnished samovar, its spout encrusted with lime, surrounded by scrawled manuscripts and the hard crust of a rye loaf. Through the small, grime-streaked window, one saw only the dreary gray sky of St. Petersburg and the soot-blackened chimneys opposite. A heavy, melancholy stillness reigned—a silence that brought no peace, but pressed upon the soul with the inescapable weight of human poverty and quiet despair."
historical_romance,a character walking alone at dusk,"The last crimson rays of the setting sun retreated behind the rugged crags, casting long, phantom shadows across the desolate heath. Through this solemn solitude walked Lord Ronald, his heavy travelling cloak wrapped closely against the bitter wind that whistled through the gorse. The silence of the hour was broken only by the rhythmic crunch of his boots upon the stony path and the distant, mournful cry of a solitary night-bird. 

In his breast lodged a tempest no less fierce than the gales of his native Highlands; for upon the secret errand of this twilight hour hung the honor of a noble line and the fate of her he held most dear. As the dying violet of the sky succumbed to the encroaching pall of night, he paused upon the brow of the hill, his hand instinctively resting on the hilt of his trusty steel. Beneath him, half-shrouded in the rising mists, lay the ivy-clad ruins of the old abbey—the appointed trysting place where destiny, or a traitor’s blade, awaited his arrival."
historical_romance,an unexpected encounter between two strangers,"The tempest howled across the desolate heath as Lord Julian reined in his weary stallion near the crumbling parapets of Blackwood Keep. A sudden crack of thunder tore through the gloom, and from the shadowy archway emerged a figure shrouded in a mantle of dark crimson velvet. Julian dismounted at once, his hand resting instinctively upon the polished hilt of his rapier.

To his astonishment, the stranger stepped into the pale moonlight, revealing not a highwayman, but a young woman of noble carriage. Rain glistened upon her dark ringlets, yet her countenance bore no trace of terror—only a haughty defiance that quickened Julian’s pulse.

""Hold, sir,"" she commanded, her voice ringing clear above the gale. ""Do you come as a gentleman of honor, or another hazard of this wretched night?""

Julian swept off his plumed hat, bowing low despite the mud. ""Madam, I am but a traveler bound by chivalry, entirely at your service, should fate permit me to shield so courageous a lady from the storm.""

For a lingering moment, their eyes locked, and in that shared glance beneath the wild sky, two destinies were irrevocably entwined."
historical_romance,a difficult decision at a turning point,"The midnight candle flickered against the cold stone of the tapestry-hung chamber, casting long, menacing shadows upon the parchment before Lord Julian. In his right hand rested the royal pardon—the sole instrument that could snatch his beloved brother, Henri, from the grim embrace of the scaffold at dawn. Yet, to secure the tyrant Duke’s seal upon that precious document, Julian was required to sign a secret pact of treason against the rightful Crown. 

Duty and devotion waged a desperate war within his noble breast. Honor, the unyielding compass of his chivalrous ancestors, bade him cast the parchment into the hearth and uphold his sacred oath; yet love, fierce and unrelenting, cried out against such pitiless virtue. Outside, the tempest howled through the battlements of Châteauneuf, echoing the storm that threatened to tear his very soul asunder. 

With a trembling hand, Julian held the paper over the flickering flame. A single heartbeat would decide his destiny: to live forever as a disgraced traitor with his brother by his side, or to remain a righteous knight whose honor was bought with his own kin's blood."
historical_romance,a description of the interior of a room or dwelling,"The stranger was ushered into a lofty chamber, where the fading twilight strove in vain against the deep shadows that clung to the vaulted ceiling. Heavy hangings of crimson velvet, worn with age and embroidered with the proud quarterings of a noble house, draped the cold stone walls, muffling the low murmur of the tempest without. 

At the far end, a colossal hearth of carved slate devoured great logs of seasoned oak, casting a fitful, ruddy glare across the polished floor of dark chestnut. Between two high, narrow windows, a trophy of ancestral arms—comprising tarnished cuirasses, rapier blades, and a battle-axe of antique design—hung suspended, reflecting the firelight in pale, metallic glimmers. 

Upon a massive table of carved oak, strewn with yellowed parchments and heavy leather-bound folios, stood a solitary silver sconce, its flame flickering faintly in the draft. An air of solemn antiquity pervaded the entire apartment, speaking of secret counsels and forgotten chivalry, as though the very atmosphere had been preserved intact from the martial days of the previous century."
british_fiction,a character walking alone at dusk,"The sun had lowered itself behind the purple ridges of the distant hills, leaving the sky draped in a soft, melancholy violet. Eleanor pursued her solitary way along the narrow lane, where the ancient oaks threw long, tangled shadows across the damp earth. It was an hour she had ever held in particular favor; for in the quiet retreat of dusk, when the domestic clamor of the day was at last subdued, her troubled thoughts might wander without restraint or censure.

A chilly autumn breeze swept through the dying foliage, rustling the dry leaves beneath her boots with a sound at once sharp and mournful. Yet she felt no inclination to hasten back to the warmth of the drawing-room, where polite conversation and superficial civilities awaited her. She preferred, instead, the solemn companionship of the gathering night. Far off, the faint, amber lights of the hall began to flicker against the gloom, offering a distant promise of comfort; yet Eleanor paused at the wooden stile, content to linger a moment longer in the silent, brooding twilight."
british_fiction,an unexpected encounter between two strangers,"The afternoon had devolved into a dismal, unyielding drizzle, forcing Miss Eleanor to seek brief sanctuary beneath the dripping canopy of an ancient oak. She believed herself entirely solitary upon the lane, until a sudden rustle of heavy wool betrayed another presence. 

Emerging from the grey obscurity stood a tall gentleman, wrapped in a mantle of dark cloth, his countenance bearing the distinct gravity of one unused to cheerful company. At the sight of her, he paused, a look of profound astonishment briefly breaking the severe composure of his features.

""I must beg your forgiveness, Madam,"" he said, his voice low and echoing with a resonant, somber dignity as he raised his hat. ""I had not anticipated finding a lady so far removed from the village in such tempestuous weather.""

""The fault is entirely mine, Sir,"" Eleanor replied, striving to maintain a tone of cool propriety despite the rapid fluttering of her heart. ""I misjudged both the hour and the sky.""

They stood for a long moment in charged silence, two islands in the mist, bound by the strange, unspoken intensity of an encounter neither had sought, yet neither wished to break."
british_fiction,a difficult decision at a turning point,"The candle flickered upon the mahogany bureau, casting long, somber shadows across the letter that lay open before me. Mr. Ashworth offered not merely his hand, but a retreat from the meager, uncertain existence that had hitherto been my portion. To accept was to embrace comfort, status, and the quiet approval of a world that disdains a portionless woman. Yet, as I stared into the darkening garden outside, a profound stillness settled over my spirit, laying bare the truth I had so desperately sought to evade.

To yield to his suit would be to barter my integrity for worldly ease; it would be a betrayal of the quiet independence I had labored so dearly to preserve. Love he did not inspire, nor could I feign a devotion I felt not, without doing violence to my own conscience. My fingers trembled as I took up the pen, but my resolve hardened into iron. I dipped the nib into the ink and began to write my refusal, choosing the uncertain path of self-respect over the gilded cage of convenience."
british_fiction,a description of the interior of a room or dwelling,"The parlour into which I was shown possessed that quiet, somber dignity so characteristic of the older manor-houses in the north. A modest fire burned within the low iron grate, casting a flickering, ruddy glow upon the polished mahogany of a tall bookcase that dominated the eastern wall. Upon its shelves, bound in dark calfskin, stood heavy tomes of history and divinity, their gold-lettered spines glinting faintly in the twilight gloom. 

High, narrow casements, draped in heavy crimson damask, admitted but a pale and subdued light from the overcast afternoon, illuminating a small tea-table drawn close to the hearth. A faded Turkey carpet covered the center of the oak floor, its once-vivid hues softened by time into a pleasing harmony of rose and amber. Before the hearth stood a broad arm-chair of worn velvet, where a gentle indentation in the cushion betrayed the recent presence of its occupant. An air of austere comfort pervaded the entire chamber, speaking less of modern opulence than of ancient, unpretentious gentility—a sanctuary wherein a solitary spirit might find unbroken repose."
