sentence_id,author,work,sentence_text,band,n_candidates,candidate_words,target_span,start_char,end_char,entity_type,is_figurative,lemma
s00180,Mary Shelley,Frankenstein - Chapter 10 (Mont Blanc / glacier scene),"All of soul-inspiriting fled with sleep, and dark melancholy clouded every thought.",band_0,0,,,,,,,
s00055,Lord Byron,Childe Harold's Pilgrimage - Canto III (Lake Leman / Alps),"To aid thy mind's development,--to watch",band_0,0,,,,,,,
s00429,Mary Shelley,Frankenstein - Letters 1-4 (Arctic frame),"On perceiving me, the stranger addressed me in English, although with a foreign accent.",band_0,0,,,,,,,
s00385,Mary Shelley,Frankenstein - Letters 1-4 (Arctic frame),But to return to dearer considerations.,band_0,0,,,,,,,
s00352,Mary Shelley,Frankenstein - Letters 1-4 (Arctic frame),At that age I became acquainted with the celebrated poets of our own country; but it was only when it had ceased to be in my power to derive its most important benefits from such a conviction that I perceived the necessity of becoming acquainted with more languages than that of my native country.,band_0,0,,,,,,,
s00232,Mary Shelley,Frankenstein - Chapter 10 (Mont Blanc / glacier scene),"If you will comply with my conditions, I will leave them and you at peace; but if you refuse, I will glut the maw of death, until it be satiated with the blood of your remaining friends.”",band_0,0,,,,,,,
s00165,Lord Byron,Manfred - Act II Scene II (Witch of the Alps),"If I had never lived, that which I love Had still been living; had I never loved, That which I love would still be beautiful, Happy and giving happiness.",band_0,0,,,,,,,
s00148,Lord Byron,Manfred - Act II Scene II (Witch of the Alps),"I plunged amidst Mankind--ForgetfulnessI sought in all, save where 'tis to be found-- And that I have to learn--my Sciences, My long pursued and superhuman art, Is mortal here: I dwell in my despair-- And live--and live for ever._Witch_.",band_0,0,,,,,,,
s00693,Samuel Taylor Coleridge,The Rime of the Ancient Mariner,"""I fear thee, ancient Mariner!",band_0,0,,,,,,,
s00062,Lord Byron,Childe Harold's Pilgrimage - Canto III (Lake Leman / Alps),"The child of love,--though born in bitterness, And nurtured in convulsion.",band_0,0,,,,,,,
s00060,Lord Byron,Childe Harold's Pilgrimage - Canto III (Lake Leman / Alps),"Yet, though dull Hate as duty should be taught, I know that thou wilt love me; though my name Should be shut from thee, as a spell still fraught With desolation, and a broken claim: Though the grave closed between us,--'twere the same, I know that thou wilt love me: though to drain MY blood from out thy being were an aim, And an attainment,--all would be in vain,--",band_0,0,,,,,,,
s00154,Lord Byron,Manfred - Act II Scene II (Witch of the Alps),"the Spirits Whose presence I command, and be the slave Of those who served me--Never! _",band_0,0,,,,,,,
s00347,Mary Shelley,Frankenstein - Letters 1-4 (Arctic frame),"You may deem me romantic, my dear sister, but I bitterly feel the want of a friend.",band_0,0,,,,,,,
s00366,Mary Shelley,Frankenstein - Letters 1-4 (Arctic frame),"Some years ago he loved a young Russian lady of moderate fortune, and having amassed a considerable sum in prize-money, the father of the girl consented to the match.",band_0,0,,,,,,,
s00843,William Wordsworth,Lines Written a Few Miles above Tintern Abbey,"Nor less, I trust, To them I may have owed another gift, Of aspect more sublime; that blessed mood, In which the burthen of the mystery, In which the heavy and the weary weight Of all this unintelligible world Is lighten’d:--that serene and blessed mood, In which the affections gently lead us on, Until, the breath of this corporeal frame, And even the motion of our human blood Almost suspended, we are laid asleep In body, and become a living soul: While with an eye made quiet by the power Of harmony, and the deep power of joy, We see into the life of things.",band_0,0,,,,,,,
s00057,Lord Byron,Childe Harold's Pilgrimage - Canto III (Lake Leman / Alps),"To hold thee lightly on a gentle knee, And print on thy soft cheek a parent's kiss,--",band_0,0,,,,,,,
s00320,Mary Shelley,Frankenstein - Letters 1-4 (Arctic frame),"I can, even now, remember the hour from which I dedicated myself to this great enterprise.",band_0,0,,,,,,,
s00690,Samuel Taylor Coleridge,The Rime of the Ancient Mariner,"With heavy thump, a lifeless lump, They dropped down one by one.",band_0,0,,,,,,,
s00349,Mary Shelley,Frankenstein - Letters 1-4 (Arctic frame),How would such a friend repair the faults of your poor brother!,band_0,0,,,,,,,
s00755,Samuel Taylor Coleridge,The Rime of the Ancient Mariner,What makes that ship drive on so fast?,band_0,0,,,,,,,
s00432,Mary Shelley,Frankenstein - Letters 1-4 (Arctic frame),"I replied, however, that we were on a voyage of discovery towards the northern pole.",band_0,0,,,,,,,
s00025,Lord Byron,Childe Harold's Pilgrimage - Canto III (Lake Leman / Alps),Are ye like those within the human breast?,band_0,0,,,,,,,
s00261,Mary Shelley,Frankenstein - Chapter 10 (Mont Blanc / glacier scene),Shall I not then hate them who abhor me?,band_0,0,,,,,,,
s00509,Mary Shelley,Frankenstein - Letters 1-4 (Arctic frame),"You may easily imagine that I was much gratified by the offered communication, yet I could not endure that he should renew his grief by a recital of his misfortunes.",band_0,0,,,,,,,
s00252,Mary Shelley,Frankenstein - Chapter 10 (Mont Blanc / glacier scene),“How can I move thee?,band_0,0,,,,,,,
s00344,Mary Shelley,Frankenstein - Letters 1-4 (Arctic frame),"But I have one want which I have never yet been able to satisfy, and the absence of the object of which I now feel as a most severe evil, I have no friend, Margaret: when I am glowing with the enthusiasm of success, there will be none to participate my joy; if I am assailed by disappointment, no one will endeavour to sustain me in dejection.",band_0,0,,,,,,,
s00504,Mary Shelley,Frankenstein - Letters 1-4 (Arctic frame),"I had determined at one time that the memory of these evils should die with me, but you have won me to alter my determination.",band_0,0,,,,,,,
s00153,Lord Byron,Manfred - Act II Scene II (Witch of the Alps),I will not swear--Obey! and whom?,band_0,0,,,,,,,
s00609,Samuel Taylor Coleridge,The Rime of the Ancient Mariner,Eftsoons his hand dropt he.,band_0,0,,,,,,,
s00158,Lord Byron,Manfred - Act II Scene II (Witch of the Alps),I may retire then--say! _,band_0,0,,,,,,,
s00554,Percy Shelley,Ode to the West Wind,"A heavy weight of hours has chained and bowed One too like thee: tameless, and swift, and proud.",band_0,0,,,,,,,
s00513,Mary Shelley,Frankenstein - Letters 1-4 (Arctic frame),"but for one event, and then I shall repose in peace.",band_0,0,,,,,,,
s00410,Mary Shelley,Frankenstein - Letters 1-4 (Arctic frame),Last Monday (July 31st),band_0,0,,,,,,,
s00080,Lord Byron,Manfred - Act I Scene II (Jungfrau cliff),"Oh, that I were The viewless spirit of a lovely sound, A living voice, a breathing harmony, A bodiless enjoyment--born and dying With the blest tone which made me!",band_0,0,,,,,,,
s00777,Samuel Taylor Coleridge,The Rime of the Ancient Mariner,Is this mine own countree!,band_0,0,,,,,,,
s00706,Samuel Taylor Coleridge,The Rime of the Ancient Mariner,"The cold sweat melted from their limbs, Nor rot nor reek did they: The look with which they looked on me Had never passed away.",band_1,1,sweat,,,,,,
s00185,Mary Shelley,Frankenstein - Chapter 10 (Mont Blanc / glacier scene),I remembered the effect that the view of the tremendous and ever-moving glacier had produced upon my mind when I first saw it.,band_1,1,glacier,,,,,,
s00497,Mary Shelley,Frankenstein - Letters 1-4 (Arctic frame),"Such a man has a double existence: he may suffer misery and be overwhelmed by disappointments, yet when he has retired into himself, he will be like a celestial spirit that has a halo around him, within whose circle no grief or folly ventures.",band_1,1,halo,,,,,,
s00101,Lord Byron,Manfred - Act I Scene II (Jungfrau cliff),I am all feebleness--the mountains whirl Spinning around me----I grow blind----What art thou?,band_1,1,mountain,,,,,,
s00717,Samuel Taylor Coleridge,The Rime of the Ancient Mariner,To Mary Queen the praise be given!,band_1,1,queen,,,,,,
s00382,Mary Shelley,Frankenstein - Letters 1-4 (Arctic frame),"I have often attributed my attachment to, my passionate enthusiasm for, the dangerous mysteries of ocean to that production of the most imaginative of modern poets.",band_1,1,ocean,,,,,,
s00766,Samuel Taylor Coleridge,The Rime of the Ancient Mariner,"All stood together on the deck, For a charnel-dungeon fitter: All fixed on me their stony eyes, That in the Moon did glitter.",band_1,1,moon,,,,,,
s00761,Samuel Taylor Coleridge,The Rime of the Ancient Mariner,"The air is cut away before, And closes from behind.",band_1,1,air,,,,,,
s00482,Mary Shelley,Frankenstein - Letters 1-4 (Arctic frame),Have you drunk also of the intoxicating draught?,band_1,1,draught,,,,,,
s00728,Samuel Taylor Coleridge,The Rime of the Ancient Mariner,"The loud wind never reached the ship, Yet now the ship moved on!",band_1,1,wind,,,,,,
s00258,Mary Shelley,Frankenstein - Chapter 10 (Mont Blanc / glacier scene),"I have wandered here many days; the caves of ice, which I only do not fear, are a dwelling to me, and the only one which man does not grudge.",band_1,1,cave,,,,,,
s00090,Lord Byron,Manfred - Act I Scene II (Jungfrau cliff),"The mists begin to rise from up the valley; I'll warn him to descend, or he may chance To lose at once his way and life together.",band_1,1,valley,,,,,,
s00035,Lord Byron,Childe Harold's Pilgrimage - Canto III (Lake Leman / Alps),"For this is Love's recess, where vain men's woes, And the world's waste, have driven him far from those, For 'tis his nature to advance or die; He stands not still, but or decays, or grows Into a boundless blessing, which may vie With the immortal lights, in its eternity! '",band_1,1,recess,,,,,,
s00300,Mary Shelley,Frankenstein - Letters 1-4 (Arctic frame),I try in vain to be persuaded that the pole is the seat of frost and desolation; it ever presents itself to my imagination as the region of beauty and delight.,band_1,1,frost,,,,,,
s00376,Mary Shelley,Frankenstein - Letters 1-4 (Arctic frame),"The winter has been dreadfully severe, but the spring promises well, and it is considered as a remarkably early season, so that perhaps I may sail sooner than I expected.",band_1,1,spring,,,,,,
s00867,William Wordsworth,Lines Written in Early Spring,"The birds around me hopp’d and play’d: Their thoughts I cannot measure, But the least motion which they made, It seem’d a thrill of pleasure.",band_1,1,bird,,,,,,
s00301,Mary Shelley,Frankenstein - Letters 1-4 (Arctic frame),"There, Margaret, the sun is for ever visible, its broad disk just skirting the horizon and diffusing a perpetual splendour.",band_1,1,sun,,,,,,
s00142,Lord Byron,Manfred - Act II Scene II (Witch of the Alps),Daughter of Air!,band_1,1,air,,,,,,
s00505,Mary Shelley,Frankenstein - Letters 1-4 (Arctic frame),"You seek for knowledge and wisdom, as I once did; and I ardently hope that the gratification of your wishes may not be a serpent to sting you, as mine has been.",band_1,1,serpent,,,,,,
s00369,Mary Shelley,Frankenstein - Letters 1-4 (Arctic frame),"He had already bought a farm with his money, on which he had designed to pass the remainder of his life; but he bestowed the whole on his rival, together with the remains of his prize-money to purchase stock, and then himself solicited the young woman’s father to consent to her marriage with her lover.",band_1,1,stock,,,,,,
s00620,Samuel Taylor Coleridge,The Rime of the Ancient Mariner,"With sloping masts and dipping prow, As who pursued with yell and blow Still treads the shadow of his foe And forward bends his head, The ship drove fast, loud roared the blast, And southward aye we fled.",band_1,1,blast,,,,,,
s00489,Mary Shelley,Frankenstein - Letters 1-4 (Arctic frame),"“I agree with you,” replied the stranger; “we are unfashioned creatures, but half made up, if one wiser, better, dearer than ourselves—such a friend ought to be—do not lend his aid to perfectionate our weak and faulty natures.",band_1,1,creature,,,,,,
s00223,Mary Shelley,Frankenstein - Chapter 10 (Mont Blanc / glacier scene),"Begone, vile insect!",band_1,1,insect,,,,,,
s00490,Mary Shelley,Frankenstein - Letters 1-4 (Arctic frame),"I once had a friend, the most noble of human creatures, and am entitled, therefore, to judge respecting friendship.",band_1,1,creature,,,,,,
s00465,Mary Shelley,Frankenstein - Letters 1-4 (Arctic frame),"I said in one of my letters, my dear Margaret, that I should find no friend on the wide ocean; yet I have found a man who, before his spirit had been broken by misery, I should have been happy to have possessed as the brother of my heart.",band_1,1,ocean,,,,,,
s00284,Mary Shelley,Frankenstein - Chapter 10 (Mont Blanc / glacier scene),"On you it rests, whether I quit for ever the neighbourhood of man and lead a harmless life, or become the scourge of your fellow creatures and the author of your own speedy ruin.”",band_1,1,creature,,,,,,
s00354,Mary Shelley,Frankenstein - Letters 1-4 (Arctic frame),"It is true that I have thought more and that my daydreams are more extended and magnificent, but they want (as the painters call it) _",band_1,1,painter,,,,,,
s00096,Lord Byron,Manfred - Act I Scene II (Jungfrau cliff),"Such would have been for me a fitting tomb; My bones had then been quiet in their depth; They had not then been strewn upon the rocks For the wind's pastime--as thus--thus they shall be-- In this one plunge.--Farewell, ye opening Heavens!",band_1,1,wind,,,,,,
s00243,Mary Shelley,Frankenstein - Chapter 10 (Mont Blanc / glacier scene),"I am thy creature, and I will be even mild and docile to my natural lord and king if thou wilt also perform thy part, the which thou owest me.",band_1,1,creature,,,,,,
s00703,Samuel Taylor Coleridge,The Rime of the Ancient Mariner,"I looked upon the rotting sea, And drew my eyes away; I looked upon the rotting deck, And there the dead men lay.",band_1,1,sea,,,,,,
s00316,Mary Shelley,Frankenstein - Letters 1-4 (Arctic frame),I also became a poet and for one year lived in a paradise of my own creation; I imagined that I also might obtain a niche in the temple where the names of Homer and Shakespeare are consecrated.,band_1,1,homer,,,,,,
s00762,Samuel Taylor Coleridge,The Rime of the Ancient Mariner,"Fly, brother, fly!",band_1,1,fly,,,,,,
s00622,Samuel Taylor Coleridge,The Rime of the Ancient Mariner,And through the drifts the snowy clifts Did send a dismal sheen: Nor shapes of men nor beasts we ken--,band_1,1,beast,,,,,,
s00775,Samuel Taylor Coleridge,The Rime of the Ancient Mariner,Is this the hill?,band_1,1,hill,,,,,,
s00359,Mary Shelley,Frankenstein - Letters 1-4 (Arctic frame),"He is an Englishman, and in the midst of national and professional prejudices, unsoftened by cultivation, retains some of the noblest endowments of humanity.",band_1,1,humanity,,,,,,
s00719,Samuel Taylor Coleridge,The Rime of the Ancient Mariner,"The silly buckets on the deck, That had so long remained, I dreamt that they were filled with dew; And when I awoke, it rained.",band_1,1,dew,,,,,,
s00298,Mary Shelley,Frankenstein - Letters 1-4 (Arctic frame),"This breeze, which has travelled from the regions towards which I am advancing, gives me a foretaste of those icy climes.",band_1,1,breeze,,,,,,
s00424,Mary Shelley,Frankenstein - Letters 1-4 (Arctic frame),"In the morning, however, as soon as it was light, I went upon deck and found all the sailors busy on one side of the vessel, apparently talking to someone in the sea.",band_1,1,sea,,,,,,
s00081,Lord Byron,Manfred - Act I Scene II (Jungfrau cliff),Enter from below a_ CHAMOIS HUNTER.,band_1,1,chamois,,,,,,
s00796,Samuel Taylor Coleridge,The Rime of the Ancient Mariner,"He'll shrieve my soul, he'll wash away The Albatross's blood.",band_1,1,albatross,,,,,,
s00024,Lord Byron,Childe Harold's Pilgrimage - Canto III (Lake Leman / Alps),"But where of ye, O tempests! is the goal?",band_1,1,tempest,,,,,,
s00411,Mary Shelley,Frankenstein - Letters 1-4 (Arctic frame),"we were nearly surrounded by ice, which closed in the ship on all sides, scarcely leaving her the sea-room in which she floated.",band_1,1,sea,,,,,,
s00534,Percy Shelley,Mont Blanc,"Power dwells apart in its tranquillity, Remote, serene, and inaccessible: And THIS, the naked countenance of earth, On which I gaze, even these primaeval mountains Teach the adverting mind.",band_1,1,mountain,,,,,,
s00750,Samuel Taylor Coleridge,The Rime of the Ancient Mariner,"By him who died on cross, With his cruel bow he laid full low, The harmless Albatross.",band_1,1,albatross,,,,,,
s00087,Lord Byron,Manfred - Act I Scene II (Jungfrau cliff),Which I outlive!--Ye toppling crags of ice!,band_1,1,crag,,,,,,
s00289,Mary Shelley,Frankenstein - Chapter 10 (Mont Blanc / glacier scene),"For the first time, also, I felt what the duties of a creator towards his creature were, and that I ought to render him happy before I complained of his wickedness.",band_1,1,creature,,,,,,
s00714,Samuel Taylor Coleridge,The Rime of the Ancient Mariner,"no tongue Their beauty might declare: A spring of love gushed from my heart, And I blessed them unaware: Sure my kind saint took pity on me, And I blessed them unaware.",band_1,1,spring,,,,,,
s00743,Samuel Taylor Coleridge,The Rime of the Ancient Mariner,"Under the keel nine fathom deep, From the land of mist and snow, The spirit slid: and it was he That made the ship to go.",band_1,1,snow,,,,,,
s00667,Samuel Taylor Coleridge,The Rime of the Ancient Mariner,"Hither to work us weal; Without a breeze, without a tide, She steadies with upright keel!",band_1,1,breeze,,,,,,
s00532,Percy Shelley,Mont Blanc,"The wilderness has a mysterious tongue Which teaches awful doubt, or faith so mild, So solemn, so serene, that man may be, But for such faith, with nature reconciled; Thou hast a voice, great Mountain, to repeal Large codes of fraud and woe; not understood By all, but which the wise, and great, and good Interpret, or make felt, or deeply feel.",band_1,1,mountain,,,,,,
s00621,Samuel Taylor Coleridge,The Rime of the Ancient Mariner,"And now there came both mist and snow, And it grew wondrous cold: And ice, mast-high, came floating by, As green as emerald.",band_1,1,snow,,,,,,
s00203,Mary Shelley,Frankenstein - Chapter 10 (Mont Blanc / glacier scene),A mist covered both that and the surrounding mountains.,band_1,1,mountain,,,,,,
s00334,Mary Shelley,Frankenstein - Letters 1-4 (Arctic frame),"I shall depart for the latter town in a fortnight or three weeks; and my intention is to hire a ship there, which can easily be done by paying the insurance for the owner, and to engage as many sailors as I think necessary among those who are accustomed to the whale-fishing.",band_1,1,whale,,,,,,
s00202,Mary Shelley,Frankenstein - Chapter 10 (Mont Blanc / glacier scene),For some time I sat upon the rock that overlooks the sea of ice.,band_1,1,sea,,,,,,
s00323,Mary Shelley,Frankenstein - Letters 1-4 (Arctic frame),"Twice I actually hired myself as an under-mate in a Greenland whaler, and acquitted myself to admiration.",band_1,1,mate,,,,,,
s00496,Mary Shelley,Frankenstein - Letters 1-4 (Arctic frame),"The starry sky, the sea, and every sight afforded by these wonderful regions seem still to have the power of elevating his soul from earth.",band_1,1,sea,,,,,,
s00771,Samuel Taylor Coleridge,The Rime of the Ancient Mariner,"It raised my hair, it fanned my cheek Like a meadow-gale of spring-- It mingled strangely with my fears, Yet it felt like a welcoming.",band_1,1,gale,,,,,,
s00707,Samuel Taylor Coleridge,The Rime of the Ancient Mariner,An orphan's curse would drag to Hell A spirit from on high; But oh! more horrible than that Is a curse in a dead man's eye!,band_1,1,orphan,,,,,,
s00196,Mary Shelley,Frankenstein - Chapter 10 (Mont Blanc / glacier scene),"If our impulses were confined to hunger, thirst, and desire, we might be nearly free; but now we are moved by every wind that blows and a chance word or scene that that word may convey to us.",band_1,1,wind,,,,,,
s00661,Samuel Taylor Coleridge,The Rime of the Ancient Mariner,"As if it dodged a water-sprite, It plunged and tacked and veered.",band_1,1,water,,,,,,
s00795,Samuel Taylor Coleridge,The Rime of the Ancient Mariner,He singeth loud his godly hymns That he makes in the wood.,band_1,1,wood,,,,,,
s00695,Samuel Taylor Coleridge,The Rime of the Ancient Mariner,"And thou art long, and lank, and brown, As is the ribbed sea-sand.",band_1,1,sea,,,,,,
s00615,Samuel Taylor Coleridge,The Rime of the Ancient Mariner,"And he shone bright, and on the right Went down into the sea.",band_1,1,sea,,,,,,
s00642,Samuel Taylor Coleridge,The Rime of the Ancient Mariner,"Day after day, day after day, We stuck, nor breath nor motion; As idle as a painted ship Upon a painted ocean.",band_1,1,ocean,,,,,,
s00270,Mary Shelley,Frankenstein - Chapter 10 (Mont Blanc / glacier scene),"You accuse me of murder, and yet you would, with a satisfied conscience, destroy your own creature.",band_1,1,creature,,,,,,
s00253,Mary Shelley,Frankenstein - Chapter 10 (Mont Blanc / glacier scene),"Will no entreaties cause thee to turn a favourable eye upon thy creature, who implores thy goodness and compassion?",band_1,1,creature,,,,,,
s00169,Lord Byron,Manfred - Act II Scene II (Witch of the Alps),"Yet in this hour I dread the thing I dare: Until this hour I never shrunk to gaze 200 On spirit, good or evil--now I tremble, And feel a strange cold thaw upon my heart.",band_1,1,thaw,,,,,,
s00814,Samuel Taylor Coleridge,The Rime of the Ancient Mariner,"Stunned by that loud and dreadful sound, Which sky and ocean smote, Like one that hath been seven days drowned My body lay afloat; But swift as dreams, myself I found Within the Pilot's boat.",band_1,1,ocean,,,,,,
s00332,Mary Shelley,Frankenstein - Letters 1-4 (Arctic frame),"The cold is not excessive, if you are wrapped in furs—a dress which I have already adopted, for there is a great difference between walking the deck and remaining seated motionless for hours, when no exercise prevents the blood from actually freezing in your veins.",band_1,1,vein,,,,,,
s00681,Samuel Taylor Coleridge,The Rime of the Ancient Mariner,"The naked hulk alongside came, And the twain were casting dice; ""The game is done!",band_1,1,game,,,,,,
s00800,Samuel Taylor Coleridge,The Rime of the Ancient Mariner,He kneels at morn and noon and eve-- He hath a cushion plump: It is the moss that wholly hides The rotted old oak-stump.,band_1,1,oak,,,,,,
s00868,William Wordsworth,Lines Written in Early Spring,"The budding twigs spread out their fan, To catch the breezy air; And I must think, do all I can, That there was pleasure there.",band_1,1,air,,,,,,
s00014,Lord Byron,Childe Harold's Pilgrimage - Canto III (Lake Leman / Alps),"Far along, From peak to peak, the rattling crags among, Leaps the live thunder!",band_1,1,crag,,,,,,
s00722,Samuel Taylor Coleridge,The Rime of the Ancient Mariner,"And soon I heard a roaring wind: It did not come anear; But with its sound it shook the sails, That were so thin and sere.",band_1,1,wind,,,,,,
s00099,Lord Byron,Manfred - Act I Scene II (Jungfrau cliff),"Hold, madman!--though aweary of thy life, 110 Stain not our pure vales with thy guilty blood: Away with me----I will not quit my hold.",band_1,1,vale,,,,,,
s00699,Samuel Taylor Coleridge,The Rime of the Ancient Mariner,"Alone, alone, all, all alone, Alone on a wide wide sea!",band_1,1,sea,,,,,,
s00783,Samuel Taylor Coleridge,The Rime of the Ancient Mariner,"And the bay was white with silent light, Till rising from the same, Full many shapes, that shadows were, In crimson colours came.",band_1,1,bay,,,,,,
s00680,Samuel Taylor Coleridge,The Rime of the Ancient Mariner,"Her lips were red, her looks were free, Her locks were yellow as gold: Her skin was as white as leprosy, The Night-Mare LIFE-IN-DEATH was she, Who thicks man's blood with cold.",band_1,1,mare,,,,,,
s00450,Mary Shelley,Frankenstein - Letters 1-4 (Arctic frame),"“Then I fancy we have seen him, for the day before we picked you up we saw some dogs drawing a sledge, with a man in it, across the ice.”",band_1,1,dog,,,,,,
s00632,Samuel Taylor Coleridge,The Rime of the Ancient Mariner,"From the fiends, that plague thee thus!-- Why look'st thou so?""--With my cross-bow I shot the ALBATROSS.",band_1,1,albatross,,,,,,
s00384,Mary Shelley,Frankenstein - Letters 1-4 (Arctic frame),"I am practically industrious—painstaking, a workman to execute with perseverance and labour—but besides this there is a love for the marvellous, a belief in the marvellous, intertwined in all my projects, which hurries me out of the common pathways of men, even to the wild sea and unvisited regions I am about to explore.",band_1,1,sea,,,,,,
s00853,William Wordsworth,Lines Written a Few Miles above Tintern Abbey,"For I have learned To look on nature, not as in the hour Of thoughtless youth, but hearing oftentimes The still, sad music of humanity, Not harsh nor grating, though of ample power To chasten and subdue.",band_1,1,humanity,,,,,,
s00815,Samuel Taylor Coleridge,The Rime of the Ancient Mariner,"Upon the whirl, where sank the ship, The boat spun round and round; And all was still, save that the hill Was telling of the sound.",band_1,1,hill,,,,,,
s00255,Mary Shelley,Frankenstein - Chapter 10 (Mont Blanc / glacier scene),"You, my creator, abhor me; what hope can I gather from your fellow creatures, who owe me nothing?",band_1,1,creature,,,,,,
s00580,Percy Shelley,To a Skylark,"Hail to thee, blithe Spirit!",band_1,1,hail,,,,,,
s00780,Samuel Taylor Coleridge,The Rime of the Ancient Mariner,"The harbour-bay was clear as glass, So smoothly it was strewn!",band_1,1,bay,,,,,,
s00674,Samuel Taylor Coleridge,The Rime of the Ancient Mariner,"Are those her sails that glance in the Sun, Like restless gossameres!",band_1,1,sun,,,,,,
s00195,Mary Shelley,Frankenstein - Chapter 10 (Mont Blanc / glacier scene),Why does man boast of sensibilities superior to those apparent in the brute; it only renders them more necessary beings.,band_1,1,brute,,,,,,
s00361,Mary Shelley,Frankenstein - Letters 1-4 (Arctic frame),The master is a person of an excellent disposition and is remarkable in the ship for his gentleness and the mildness of his discipline.,band_1,1,mildness,,,,,,
s00004,Lord Byron,Childe Harold's Pilgrimage - Canto III (Lake Leman / Alps),"It is the hush of night, and all between Thy margin and the mountains, dusk, yet clear, Mellowed and mingling, yet distinctly seen.",band_1,1,mountain,,,,,,
s00571,Percy Shelley,The Cloud,"With wings folded I rest, on mine aery nest, As still as a brooding dove.",band_1,1,dove,,,,,,
s00592,Percy Shelley,To a Skylark,What objects are the fountains Of thy happy strain?,band_1,1,fountain,,,,,,
s00470,Mary Shelley,Frankenstein - Letters 1-4 (Arctic frame),How can I see so noble a creature destroyed by misery without feeling the most poignant grief?,band_1,1,creature,,,,,,
s00649,Samuel Taylor Coleridge,The Rime of the Ancient Mariner,And some in dreams assured were Of the spirit that plagued us so: Nine fathom deep he had followed us From the land of mist and snow.,band_1,1,snow,,,,,,
s00201,Mary Shelley,Frankenstein - Chapter 10 (Mont Blanc / glacier scene),It was nearly noon when I arrived at the top of the ascent.,band_1,1,ascent,,,,,,
s00421,Mary Shelley,Frankenstein - Letters 1-4 (Arctic frame),"About two hours after this occurrence we heard the ground sea, and before night the ice broke and freed our ship.",band_1,1,sea,,,,,,
s00746,Samuel Taylor Coleridge,The Rime of the Ancient Mariner,"Then like a pawing horse let go, She made a sudden bound: It flung the blood into my head, And I fell down in a swound.",band_1,1,horse,,,,,,
s00756,Samuel Taylor Coleridge,The Rime of the Ancient Mariner,What is the OCEAN doing?,band_1,1,ocean,,,,,,
s00207,Mary Shelley,Frankenstein - Chapter 10 (Mont Blanc / glacier scene),The opposite mountain is a bare perpendicular rock.,band_1,1,mountain,,,,,,
s00296,Mary Shelley,Frankenstein - Letters 1-4 (Arctic frame),"I am already far north of London, and as I walk in the streets of Petersburgh, I feel a cold northern breeze play upon my cheeks, which braces my nerves and fills me with delight.",band_1,1,breeze,,,,,,
s00581,Percy Shelley,To a Skylark,"Bird thou never wert, That from Heaven, or near it, Pourest thy full heart In profuse strains of unpremeditated art.",band_1,1,bird,,,,,,
s00725,Samuel Taylor Coleridge,The Rime of the Ancient Mariner,"And to and fro, and in and out, The wan stars danced between.",band_1,1,star,,,,,,
s00003,Lord Byron,Childe Harold's Pilgrimage - Canto III (Lake Leman / Alps),"This quiet sail is as a noiseless wing To waft me from distraction; once I loved Torn ocean's roar, but thy soft murmuring Sounds sweet as if a sister's voice reproved, That I with stern delights should e'er have been so moved.",band_1,1,ocean,,,,,,
s00648,Samuel Taylor Coleridge,The Rime of the Ancient Mariner,"The water, like a witch's oils, Burnt green, and blue and white.",band_1,1,water,,,,,,
s00331,Mary Shelley,Frankenstein - Letters 1-4 (Arctic frame),"They fly quickly over the snow in their sledges; the motion is pleasant, and, in my opinion, far more agreeable than that of an English stagecoach.",band_1,1,snow,,,,,,
s00356,Mary Shelley,Frankenstein - Letters 1-4 (Arctic frame),"Well, these are useless complaints; I shall certainly find no friend on the wide ocean, nor even here in Archangel, among merchants and seamen.",band_2,2,archangel; ocean,,,,,,
s00765,Samuel Taylor Coleridge,The Rime of the Ancient Mariner,"I woke, and we were sailing on As in a gentle weather: 'Twas night, calm night, the Moon was high; The dead men stood together.",band_2,2,moon; weather,,,,,,
s00189,Mary Shelley,Frankenstein - Chapter 10 (Mont Blanc / glacier scene),"The ascent is precipitous, but the path is cut into continual and short windings, which enable you to surmount the perpendicularity of the mountain.",band_2,2,ascent; mountain,,,,,,
s00565,Percy Shelley,The Cloud,"I wield the flail of the lashing hail, And whiten the green plains under, And then again I dissolve it in rain, And laugh as I pass in thunder.",band_2,2,hail; rain,,,,,,
s00872,William Wordsworth,The Tables Turned,"The sun above the mountain’s head, A freshening lustre mellow, Through all the long green fields has spread, His first sweet evening yellow.",band_2,2,mountain; sun,,,,,,
s00402,Mary Shelley,Frankenstein - Letters 1-4 (Arctic frame),"Thus far I have gone, tracing a secure way over the pathless seas, the very stars themselves being witnesses and testimonies of my triumph.",band_2,2,sea; star,,,,,,
s00307,Mary Shelley,Frankenstein - Letters 1-4 (Arctic frame),"These are my enticements, and they are sufficient to conquer all fear of danger or death and to induce me to commence this laborious voyage with the joy a child feels when he embarks in a little boat, with his holiday mates, on an expedition of discovery up his native river.",band_2,2,mate; river,,,,,,
s00630,Samuel Taylor Coleridge,The Rime of the Ancient Mariner,"Whiles all the night, through fog-smoke white, Glimmered the white Moon-shine.",band_2,2,fog; moon,,,,,,
s00311,Mary Shelley,Frankenstein - Letters 1-4 (Arctic frame),I have read with ardour the accounts of the various voyages which have been made in the prospect of arriving at the North Pacific Ocean through the seas which surround the pole.,band_2,2,ocean; sea,,,,,,
s00797,Samuel Taylor Coleridge,The Rime of the Ancient Mariner,This Hermit good lives in that wood Which slopes down to the sea.,band_2,2,sea; wood,,,,,,
s00015,Lord Byron,Childe Harold's Pilgrimage - Canto III (Lake Leman / Alps),"Not from one lone cloud, But every mountain now hath found a tongue; And Jura answers, through her misty shroud, Back to the joyous Alps, who call to her aloud!",band_2,2,cloud; mountain,,,,,,
s00573,Percy Shelley,The Cloud,"The stars peep behind her and peer; And I laugh to see them whirl and flee, Like a swarm of golden bees.",band_2,2,bee; star,,,,,,
s00751,Samuel Taylor Coleridge,The Rime of the Ancient Mariner,"""The spirit who bideth by himself In the land of mist and snow, He loved the bird that loved the man Who shot him with his bow.""",band_2,2,bird; snow,,,,,,
s00028,Lord Byron,Childe Harold's Pilgrimage - Canto III (Lake Leman / Alps),"The morn is up again, the dewy morn, With breath all incense, and with cheek all bloom, Laughing the clouds away with playful scorn, And living as if earth contained no tomb,-- And glowing into day: we may resume The march of our existence: and thus I, Still on thy shores, fair Leman! may find room And food for meditation, nor pass by Much, that may give us pause, if pondered fittingly.",band_2,2,cloud; shore,,,,,,
s00083,Lord Byron,Manfred - Act I Scene II (Jungfrau cliff),"Who seems not of my trade, and yet hath reached 60 A height which none even of our mountaineers, Save our best hunters, may attain: his garb Is goodly, his mien manly, and his air Proud as a free-born peasant's, at this distance: I will approach him nearer.",band_2,2,air; trade,,,,,,
s00729,Samuel Taylor Coleridge,The Rime of the Ancient Mariner,Beneath the lightning and the Moon The dead men gave a groan.,band_2,2,lightning; moon,,,,,,
s00380,Mary Shelley,Frankenstein - Letters 1-4 (Arctic frame),"I am going to unexplored regions, to “the land of mist and snow,” but I shall kill no albatross; therefore do not be alarmed for my safety or if I should come back to you as worn and woeful as the “Ancient Mariner.”",band_2,2,albatross; snow,,,,,,
s00709,Samuel Taylor Coleridge,The Rime of the Ancient Mariner,"The moving Moon went up the sky, And no where did abide: Softly she was going up, And a star or two beside.",band_2,2,moon; star,,,,,,
s00670,Samuel Taylor Coleridge,The Rime of the Ancient Mariner,"And straight the Sun was flecked with bars, (Heaven's Mother send us grace!)",band_2,2,bar; sun,,,,,,
s00639,Samuel Taylor Coleridge,The Rime of the Ancient Mariner,"The fair breeze blew, the white foam flew, The furrow followed free: We were the first that ever burst Into that silent sea.",band_2,2,breeze; sea,,,,,,
s00840,William Wordsworth,Lines Written a Few Miles above Tintern Abbey,"The day is come when I again repose Here, under this dark sycamore, and view These plots of cottage-ground, these orchard-tufts, Which, at this season, with their unripe fruits, Among the woods and copses lose themselves, Nor, with their green and simple hue, disturb The wild green landscape.",band_2,2,sycamore; wood,,,,,,
s00205,Mary Shelley,Frankenstein - Chapter 10 (Mont Blanc / glacier scene),"The surface is very uneven, rising like the waves of a troubled sea, descending low, and interspersed by rifts that sink deep.",band_2,2,sea; wave,,,,,,
s00039,Lord Byron,Childe Harold's Pilgrimage - Canto III (Lake Leman / Alps),"The one was fire and fickleness, a child Most mutable in wishes, but in mind A wit as various,--gay, grave, sage, or wild,-- Historian, bard, philosopher combined: He multiplied himself among mankind, The Proteus of their talents: But his own Breathed most in ridicule,--which, as the wind, Blew where it listed, laying all things prone,-- Now to o'erthrow a fool, and now to shake a throne.",band_2,2,sage; wind,,,,,,
s00705,Samuel Taylor Coleridge,The Rime of the Ancient Mariner,"I closed my lids, and kept them close, And the balls like pulses beat; For the sky and the sea, and the sea and the sky Lay like a load on my weary eye, And the dead were at my feet.",band_2,2,sea,,,,,,
s00562,Percy Shelley,Ode to the West Wind,"O, Wind, If Winter comes, can Spring be far behind?",band_2,2,spring; wind,,,,,,
s00066,Lord Byron,Childe Harold's Pilgrimage - Canto III (Lake Leman / Alps),"O'er the sea, And from the mountains where I now respire, Fain would I waft such blessing upon thee, As, with a sigh, I deem thou mightst have been to me!",band_2,2,mountain; sea,,,,,,
s00710,Samuel Taylor Coleridge,The Rime of the Ancient Mariner,"Her beams bemocked the sultry main, Like April hoar-frost spread; But where the ship's huge shadow lay, The charmed water burnt alway A still and awful red.",band_2,2,frost; water,,,,,,
s00625,Samuel Taylor Coleridge,The Rime of the Ancient Mariner,"At length did cross an Albatross: Thorough the fog it came; As if it had been a Christian soul, We hailed it in God's name.",band_2,2,albatross; fog,,,,,,
s00536,Percy Shelley,Mont Blanc,"Yet not a city, but a flood of ruin Is there, that from the boundaries of the sky Rolls its perpetual stream; vast pines are strewing Its destined path, or in the mangled soil Branchless and shattered stand; the rocks, drawn down From yon remotest waste, have overthrown The limits of the dead and living world, Never to be reclaimed.",band_2,2,pine; stream,,,,,,
s00043,Lord Byron,Childe Harold's Pilgrimage - Canto III (Lake Leman / Alps),"The clouds above me to the white Alps tend, And I must pierce them, and survey whate'er May be permitted, as my steps I bend To their most great and growing region, where The earth to her embrace compels the powers of air.",band_2,2,air; cloud,,,,,,
s00544,Percy Shelley,Mont Blanc,"And what were thou, and earth, and stars, and sea, If to the human mind’s imaginings Silence and solitude were vacancy?",band_2,2,sea; star,,,,,,
s00085,Lord Byron,Manfred - Act I Scene II (Jungfrau cliff),"To be thus-- Grey-haired with anguish, like these blasted pines, Wrecks of a single winter, barkless, branchless,A blighted trunk upon a curséd root, Which but supplies a feeling to Decay-- And to be thus, eternally but thus, 70 Having been otherwise!",band_2,2,grey; pine,,,,,,
s00619,Samuel Taylor Coleridge,The Rime of the Ancient Mariner,"And now the STORM-BLAST came, and he Was tyrannous and strong: He struck with his o'ertaking wings, And chased south along.",band_2,2,blast; storm,,,,,,
s00576,Percy Shelley,The Cloud,"From cape to cape, with a bridge-like shape, Over a torrent sea, Sunbeam-proof, I hand like a roof,— The mountains its columns be.",band_2,2,mountain; sea,,,,,,
s00530,Percy Shelley,Mont Blanc,or did a sea Of fire envelope once this silent snow?,band_2,2,sea; snow,,,,,,
s00552,Percy Shelley,Ode to the West Wind,"Oh, lift me as a wave, a leaf, a cloud!",band_2,2,cloud; wave,,,,,,
s00147,Lord Byron,Manfred - Act II Scene II (Witch of the Alps),"In Fantasy, Imagination, all 140 The affluence of my soul--which one day was A Croesus in creation--I plunged deep, But, like an ebbing wave, it dashed me back Into the gulf of my unfathomed thought.",band_2,2,gulf; wave,,,,,,
s00215,Mary Shelley,Frankenstein - Chapter 10 (Mont Blanc / glacier scene),"I was troubled; a mist came over my eyes, and I felt a faintness seize me, but I was quickly restored by the cold gale of the mountains.",band_2,2,gale; mountain,,,,,,
s00542,Percy Shelley,Mont Blanc,"Its home The voiceless lightning in these solitudes Keeps innocently, and like vapour broods Over the snow.",band_2,2,lightning; snow,,,,,,
s00416,Mary Shelley,Frankenstein - Letters 1-4 (Arctic frame),"We perceived a low carriage, fixed on a sledge and drawn by dogs, pass on towards the north, at the distance of half a mile; a being which had the shape of a man, but apparently of gigantic stature, sat in the sledge and guided the dogs.",band_2,2,dog,,,,,,
s00863,William Wordsworth,Lines Written a Few Miles above Tintern Abbey,"Nor wilt thou then forget, That after many wanderings, many years Of absence, these steep woods and lofty cliffs, And this green pastoral landscape, were to me More dear, both for themselves, and for thy sake.",band_2,2,cliff; wood,,,,,,
s00636,Samuel Taylor Coleridge,The Rime of the Ancient Mariner,"Ah wretch! said they, the bird to slay That made the breeze to blow!",band_2,2,bird; breeze,,,,,,
s00183,Mary Shelley,Frankenstein - Chapter 10 (Mont Blanc / glacier scene),What were rain and storm to me?,band_2,2,rain; storm,,,,,,
s00745,Samuel Taylor Coleridge,The Rime of the Ancient Mariner,"The Sun, right up above the mast, Had fixed her to the ocean: But in a minute she 'gan stir, With a short uneasy motion-- Backwards and forwards half her length With a short uneasy motion.",band_2,2,ocean; sun,,,,,,
s00855,William Wordsworth,Lines Written a Few Miles above Tintern Abbey,"Therefore am I still A lover of the meadows and the woods, And mountains; and of all that we behold From this green earth; of all the mighty world Of eye and ear, both what they half-create,And what perceive; well pleased to recognize In nature and the language of the sense, The anchor of my purest thoughts, the nurse, The guide, the guardian of my heart, and soul Of all my moral being.",band_2,2,mountain; wood,,,,,,
s00741,Samuel Taylor Coleridge,The Rime of the Ancient Mariner,"It ceased; yet still the sails made on A pleasant noise till noon, A noise like of a hidden brook In the leafy month of June, That to the sleeping woods all night Singeth a quiet tune.",band_2,2,brook; wood,,,,,,
s00193,Mary Shelley,Frankenstein - Chapter 10 (Mont Blanc / glacier scene),"The pines are not tall or luxuriant, but they are sombre and add an air of severity to the scene.",band_2,2,air; pine,,,,,,
s00426,Mary Shelley,Frankenstein - Letters 1-4 (Arctic frame),Only one dog remained alive; but there was a human being within it whom the sailors were persuading to enter the vessel.,band_2,2,dog; human being,,,,,,
s00570,Percy Shelley,The Cloud,"And when Sunset may breathe, from the lit sea beneath, Its ardours of rest and of love, And the crimson pall of eve may fall From the depth of Heaven above.",band_2,2,sea; sunset,,,,,,
s00593,Percy Shelley,To a Skylark,"What fields, or waves, or mountains?",band_2,2,mountain; wave,,,,,,
s00688,Samuel Taylor Coleridge,The Rime of the Ancient Mariner,"One after one, by the star-dogged Moon Too quick for groan or sigh, Each turned his face with a ghastly pang, And cursed me with his eye.",band_2,2,moon; star,,,,,,
s00856,William Wordsworth,Lines Written a Few Miles above Tintern Abbey,"Nor, perchance, If I were not thus taught, should I the more Suffer my genial spirits to decay: For thou art with me, here, upon the banks Of this fair river; thou, my dearest Friend, My dear, dear Friend, and in thy voice I catch The language of my former heart, and read My former pleasures in the shooting lights Of thy wild eyes.",band_2,2,bank; river,,,,,,
s00538,Percy Shelley,Mont Blanc,"The race Of man flies far in dread; his work and dwelling Vanish, like smoke before the tempest’s stream, And their place is not known.",band_2,2,stream; tempest,,,,,,
s00760,Samuel Taylor Coleridge,The Rime of the Ancient Mariner,"But why drives on that ship so fast, Without or wave or wind?",band_2,2,wave; wind,,,,,,
s00572,Percy Shelley,The Cloud,"That orbed maiden with white fire laden, Whom mortals call the Moon, Glides glimmering o’er my fleece-like floor, By the midnight breezes strewn; And wherever the beat of her unseen feet, Which only the angels hear, May have broken the woof of my tent’s thin roof.",band_2,2,breeze; moon,,,,,,
s00781,Samuel Taylor Coleridge,The Rime of the Ancient Mariner,"And on the bay the moonlight lay, And the shadow of the moon.",band_2,2,bay; moon,,,,,,
s00283,Mary Shelley,Frankenstein - Chapter 10 (Mont Blanc / glacier scene),"The sun is yet high in the heavens; before it descends to hide itself behind your snowy precipices and illuminate another world, you will have heard my story and can decide.",band_2,2,precipice; sun,,,,,,
s00257,Mary Shelley,Frankenstein - Chapter 10 (Mont Blanc / glacier scene),The desert mountains and dreary glaciers are my refuge.,band_2,2,glacier; mountain,,,,,,
s00395,Mary Shelley,Frankenstein - Letters 1-4 (Arctic frame),"We have already reached a very high latitude; but it is the height of summer, and although not so warm as in England, the southern gales, which blow us speedily towards those shores which I so ardently desire to attain, breathe a degree of renovating warmth which I had not expected.",band_2,2,gale; shore,,,,,,
s00813,Samuel Taylor Coleridge,The Rime of the Ancient Mariner,"Under the water it rumbled on, Still louder and more dread: It reached the ship, it split the bay; The ship went down like lead.",band_2,2,bay; water,,,,,,
s00318,Mary Shelley,Frankenstein - Letters 1-4 (Arctic frame),"But just at that time I inherited the fortune of my cousin, and my thoughts were turned into the channel of their earlier bent.",band_2,2,bent; channel,,,,,,
s00635,Samuel Taylor Coleridge,The Rime of the Ancient Mariner,"And I had done an hellish thing, And it would work 'em woe: For all averred, I had killed the bird That made the breeze to blow.",band_2,2,bird; breeze,,,,,,
s00163,Lord Byron,Manfred - Act II Scene II (Witch of the Alps),"I have one resource Still in my science--I can call the dead, And ask them what it is we dread to be: The sternest answer can but be the Grave, And that is nothing: if they answer not-- 180 The buried Prophet answered to the Hag Of Endor; and the Spartan Monarch drew From the Byzantine maid's unsleeping spirit An answer and his destiny--he slew That which he loved, unknowing what he slew, And died unpardoned--though he called in aid The Phyxian Jove, and in Phigalia roused The Arcadian Evocators to compel The indignant shadow to depose her wrath, Or fix her term of vengeance--she replied 190",band_2,2,hag; monarch,,,,,,
s00877,William Wordsworth,The Tables Turned,"One impulse from a vernal wood May teach you more of man; Of moral evil and of good, Than all the sages can.",band_2,2,sage; wood,,,,,,
s00527,Percy Shelley,Mont Blanc,"For the very spirit fails, Driven like a homeless cloud from steep to steep That vanishes among the viewless gales!",band_2,2,cloud; gale,,,,,,
s00413,Mary Shelley,Frankenstein - Letters 1-4 (Arctic frame),"We accordingly lay to, hoping that some change would take place in the atmosphere and weather.",band_2,2,atmosphere; weather,,,,,,
s00020,Lord Byron,Childe Harold's Pilgrimage - Canto III (Lake Leman / Alps),"And now again 'tis black,--and now, the glee Of the loud hills shakes with its mountain-mirth, As if they did rejoice o'er a young earthquake's birth.",band_2,2,hill; mountain,,,,,,
s00770,Samuel Taylor Coleridge,The Rime of the Ancient Mariner,"But soon there breathed a wind on me, Nor sound nor motion made: Its path was not upon the sea, In ripple or in shade.",band_2,2,sea; wind,,,,,,
s00638,Samuel Taylor Coleridge,The Rime of the Ancient Mariner,"'Twas right, said they, such birds to slay, That bring the fog and mist.",band_2,2,bird; fog,,,,,,
s00640,Samuel Taylor Coleridge,The Rime of the Ancient Mariner,"Down dropt the breeze, the sails dropt down, 'Twas sad as sad could be; And we did speak only to break The silence of the sea!",band_2,2,breeze; sea,,,,,,
s00833,Samuel Taylor Coleridge,The Rime of the Ancient Mariner,"He prayeth well, who loveth well Both man and bird and beast.",band_2,2,beast; bird,,,,,,
s00861,William Wordsworth,Lines Written a Few Miles above Tintern Abbey,"Nor, perchance, If I should be, where I no more can hear Thy voice, nor catch from thy wild eyes these gleams Of past existence, wilt thou then forget That on the banks of this delightful stream We stood together; and that I, so long A worshipper of Nature, hither came, Unwearied in that service: rather say With warmer love, oh!",band_2,2,bank; stream,,,,,,
s00715,Samuel Taylor Coleridge,The Rime of the Ancient Mariner,"The self same moment I could pray; And from my neck so free The Albatross fell off, and sank Like lead into the sea.",band_2,2,albatross; sea,,,,,,
s00564,Percy Shelley,The Cloud,"From my wings are shaken the dews that waken The sweet buds every one, When rocked to rest on their mother’s breast, As she dances about the sun.",band_2,2,dew; sun,,,,,,
s00103,Lord Byron,Manfred - Act I Scene II (Jungfrau cliff),"The clouds grow thicker----there--now lean on me-- Place your foot here--here, take this staff, and cling A moment to that shrub--now give me your hand, And hold fast by my girdle--softly--well-- 120",band_2,2,cloud; shrub,,,,,,
s00079,Lord Byron,Manfred - Act I Scene II (Jungfrau cliff),"the note, The natural music of the mountain reed-- For here the patriarchal days are not A pastoral fable--pipes in the liberal air, 50 Mixed with the sweet bells of the sauntering herd;My soul would drink those echoes.",band_2,2,air; mountain,,,,,,
s00614,Samuel Taylor Coleridge,The Rime of the Ancient Mariner,"The Sun came up upon the left, Out of the sea came he!",band_2,2,sea; sun,,,,,,
s00322,Mary Shelley,Frankenstein - Letters 1-4 (Arctic frame),"I accompanied the whale-fishers on several expeditions to the North Sea; I voluntarily endured cold, famine, thirst, and want of sleep; I often worked harder than the common sailors during the day and devoted my nights to the study of mathematics, the theory of medicine, and those branches of physical science from which a naval adventurer might derive the greatest practical advantage.",band_3plus,4,branch; fisher; sea; whale,,,,,,
s00589,Percy Shelley,To a Skylark,"Like a Poet hidden In the light of thought, Singing hymns unbidden, Till the world is wrought To sympathy with hopes and fears it heeded not: Like a high-born maiden In a palace-tower, Soothing her love-laden Soul in secret hour With music sweet as love, which overflows her bower: Like a glow-worm golden In a dell of dew, Scattering unbeholden Its aereal hue Among the flowers and grass, which screen it from the view!",band_3plus,5,dell; dew; flower; grass; worm,,,,,,
s00574,Percy Shelley,The Cloud,"When I widen the rent in my wind-built tent, Till the calm rivers, lakes, and seas, Like strips of the sky fallen through me on high, Are each paved with the moon and these.",band_3plus,5,lake; moon; river; sea; wind,,,,,,
s00191,Mary Shelley,Frankenstein - Chapter 10 (Mont Blanc / glacier scene),"In a thousand spots the traces of the winter avalanche may be perceived, where trees lie broken and strewed on the ground, some entirely destroyed, others bent, leaning upon the jutting rocks of the mountain or transversely upon other trees.",band_3plus,3,mountain; tree,,,,,,
s00072,Lord Byron,Manfred - Act I Scene II (Jungfrau cliff),"And you, ye crags, upon whose extreme edge I stand, and on the torrent's brink beneath Behold the tall pines dwindled as to shrubs In dizziness of distance; when a leap, A stir, a motion, even a breath, would bring My breast upon its rocky bosom's bed To rest for ever--wherefore do I pause?",band_3plus,5,bed; crag; pine; shrub; torrent,,,,,,
s00848,William Wordsworth,Lines Written a Few Miles above Tintern Abbey,"And so I dare to hope Though changed, no doubt, from what I was, when first I came among these hills; when like a roe I bounded o’er the mountains, by the sides Of the deep rivers, and the lonely streams, Wherever nature led; more like a man Flying from something that he dreads, than one Who sought the thing he loved.",band_3plus,4,hill; mountain; river; stream,,,,,,
s00578,Percy Shelley,The Cloud,"I am the daughter of Earth and Water, And the nursling of the Sky; I pass through the pores of the ocean and shores; I change, but I cannot die.",band_3plus,3,ocean; shore; water,,,,,,
s00549,Percy Shelley,Ode to the West Wind,"Thou For whose path the Atlantic’s level powers Cleave themselves into chasms, while far below The sea-blooms and the oozy woods which wear The sapless foliage of the ocean, know Thy voice, and suddenly grow gray with fear, And tremble and despoil themselves:",band_3plus,3,ocean; sea; wood,,,,,,
s00577,Percy Shelley,The Cloud,"The triumphal arch through which I march With hurricane, fire, and snow, When the Powers of the air are chained to my chair, Is the million-coloured bow; The sphere-fire above its soft colours wove, While the moist Earth was laughing below.",band_3plus,3,air; hurricane; snow,,,,,,
s00854,William Wordsworth,Lines Written a Few Miles above Tintern Abbey,"And I have felt A presence that disturbs me with the joy Of elevated thoughts; a sense sublime Of something far more deeply interfused, Whose dwelling is the light of setting suns, And the round ocean, and the living air, And the blue sky, and in the mind of man, A motion and a spirit, that impels All thinking things, all objects of all thought, And rolls through all things.",band_3plus,3,air; ocean; sun,,,,,,
s00588,Percy Shelley,To a Skylark,From rainbow clouds there flow not Drops so bright to see As from thy presence showers a rain of melody.,band_3plus,4,cloud; drop; rain; shower,,,,,,
s00023,Lord Byron,Childe Harold's Pilgrimage - Canto III (Lake Leman / Alps),"Sky, mountains, river, winds, lake, lightnings! ye, With night, and clouds, and thunder, and a soul To make these felt and feeling, well may be Things that have made me watchful; the far roll Of your departing voices, is the knoll Of what in me is sleepless,--if I rest.",band_3plus,6,cloud; knoll; lake; mountain; river; wind,,,,,,
s00841,William Wordsworth,Lines Written a Few Miles above Tintern Abbey,"Once again I see These hedge-rows, hardly hedge-rows, little lines Of sportive wood run wild; these pastoral farms Green to the very door; and wreathes of smoke Sent up, in silence, from among the trees, With some uncertain notice, as might seem, Of vagrant dwellers in the houseless woods, Or of some hermit’s cave, where by his fire The hermit sits alone.",band_3plus,5,cave; run; tree; wood,,,,,,
s00030,Lord Byron,Childe Harold's Pilgrimage - Canto III (Lake Leman / Alps),"Thine air is the young breath of passionate thought; Thy trees take root in love; the snows above The very glaciers have his colours caught, And sunset into rose-hues sees them wrought By rays which sleep there lovingly: the rocks, The permanent crags, tell here of Love, who sought In them a refuge from the worldly shocks, Which stir and sting the soul with hope that woos, then mocks.",band_3plus,8,air; crag; glacier; ray; rose; snow; sunset; tree,,,,,,
s00569,Percy Shelley,The Cloud,"The sanguine Sunrise, with his meteor eyes, And his burning plumes outspread, Leaps on the back of my sailing rack, When the morning star shines dead; As on the jag of a mountain crag, Which an earthquake rocks and swings, An eagle alit one moment may sit In the light of its golden wings.",band_3plus,6,crag; eagle; morning star; mountain; star; sunrise,,,,,,
s00547,Percy Shelley,Ode to the West Wind,"Thou dirge Of the dying year, to which this closing night Will be the dome of a vast sepulchre, Vaulted with all thy congregated might Of vapours, from whose solid atmosphere Black rain, and fire, and hail will burst: oh, hear!",band_3plus,3,atmosphere; hail; rain,,,,,,
s00076,Lord Byron,Manfred - Act I Scene II (Jungfrau cliff),"Whose happy flight is highest into heaven, Well may'st thou swoop so near me--I should be Thy prey, and gorge thine eaglets; thou art gone Where the eye cannot follow thee; but thine Yet pierces downward, onward, or above, With a pervading vision.--Beautiful!",band_3plus,3,eaglet; gorge; prey,,,,,,
s00866,William Wordsworth,Lines Written in Early Spring,"Through primrose-tufts, in that sweet bower, The periwinkle trail’d its wreathes; And ’tis my faith that every flower Enjoys the air it breathes.",band_3plus,4,air; flower; periwinkle; primrose,,,,,,
s00851,William Wordsworth,Lines Written a Few Miles above Tintern Abbey,"The sounding cataract Haunted me like a passion: the tall rock, The mountain, and the deep and gloomy wood, Their colours and their forms, were then to me An appetite: a feeling and a love, That had no need of a remoter charm, By thought supplied, or any interest Unborrowed from the eye.--That time is past, And all its aching joys are now no more, And all its dizzy raptures.",band_3plus,3,cataract; mountain; wood,,,,,,
s00637,Samuel Taylor Coleridge,The Rime of the Ancient Mariner,"Nor dim nor red, like God's own head, The glorious Sun uprist: Then all averred, I had killed the bird That brought the fog and mist.",band_3plus,3,bird; fog; sun,,,,,,
s00583,Percy Shelley,To a Skylark,"In the golden lightning Of the sunken sun, O’er which clouds are bright’ning.",band_3plus,3,cloud; lightning; sun,,,,,,
s00031,Lord Byron,Childe Harold's Pilgrimage - Canto III (Lake Leman / Alps),"by heavenly feet thy paths are trod,-- Undying Love's, who here ascends a throne To which the steps are mountains; where the god Is a pervading life and light,--so shown Not on those summits solely, nor alone In the still cave and forest; o'er the flower His eye is sparkling, and his breath hath blown, His soft and summer breath, whose tender power Passes the strength of storms in their most desolate hour.",band_3plus,4,cave; flower; mountain; storm,,,,,,
s00204,Mary Shelley,Frankenstein - Chapter 10 (Mont Blanc / glacier scene),"Presently a breeze dissipated the cloud, and I descended upon the glacier.",band_3plus,3,breeze; cloud; glacier,,,,,,
s00044,Lord Byron,Childe Harold's Pilgrimage - Canto III (Lake Leman / Alps),"looking on thee Full flashes on the soul the light of ages, Since the fierce Carthaginian almost won thee, To the last halo of the chiefs and sages Who glorify thy consecrated pages; Thou wert the throne and grave of empires; still, The fount at which the panting mind assuages Her thirst of knowledge, quaffing there her fill, Flows from the eternal source of Rome's imperial hill.",band_3plus,3,halo; hill; sage,,,,,,
s00123,Lord Byron,Manfred - Act II Scene II (Witch of the Alps),"I said with men, and with the thoughts of men, 60 I held but slight communion; but instead, My joy was in the wilderness,--to breathe The difficult air of the iced mountain's top,Where the birds dare not build--nor insect's wing Flit o'er the herbless granite; or to plunge Into the torrent, and to roll along On the swift whirl of the new-breaking wave Of river-stream, or Ocean, in their flow.",band_3plus,9,air; bird; insect; mountain; ocean; river; stream; torrent; wave,,,,,,
s00292,Mary Shelley,Frankenstein - Chapter 10 (Mont Blanc / glacier scene),"The air was cold, and the rain again began to descend; we entered the hut, the fiend with an air of exultation, I with a heavy heart and depressed spirits.",band_3plus,3,air; rain,,,,,,
s00093,Lord Byron,Manfred - Act I Scene II (Jungfrau cliff),"Mountains have fallen, Leaving a gap in the clouds, and with the shock Rocking their Alpine brethren; filling up The ripe green valleys with Destruction's splinters; Damming the rivers with a sudden dash, Which crushed the waters into mist, and made Their fountains find another channel--thus, Thus, in its old age, did Mount Rosenberg--Why stood I not beneath it?",band_3plus,8,channel; cloud; fountain; mount; mountain; river; valley; water,,,,,,
s00838,William Wordsworth,Lines Written a Few Miles above Tintern Abbey,"and again I hear These waters, rolling from their mountain-springs With a sweet inland murmur.--Once",band_3plus,3,mountain; spring; water,,,,,,
s00019,Lord Byron,Childe Harold's Pilgrimage - Canto III (Lake Leman / Alps),"How the lit lake shines, a phosphoric sea, And the big rain comes dancing to the earth!",band_3plus,3,lake; rain; sea,,,,,,
s00210,Mary Shelley,Frankenstein - Chapter 10 (Mont Blanc / glacier scene),"The sea, or rather the vast river of ice, wound among its dependent mountains, whose aerial summits hung over its recesses.",band_3plus,4,mountain; recess; river; sea,,,,,,
s00683,Samuel Taylor Coleridge,The Rime of the Ancient Mariner,"The Sun's rim dips; the stars rush out: At one stride comes the dark; With far-heard whisper, o'er the sea.",band_3plus,3,sea; star; sun,,,,,,
s00528,Percy Shelley,Mont Blanc,"Far, far above, piercing the infinite sky, Mont Blanc appears,—still, snowy, and serene— Its subject mountains their unearthly forms Pile around it, ice and rock; broad vales between Of frozen floods, unfathomable deeps, Blue as the overhanging heaven, that spread And wind among the accumulated steeps; A desert peopled by the storms alone, Save when the eagle brings some hunter’s bone, And the wolf tracts her there—how hideously Its shapes are heaped around!",band_3plus,9,blue; deep; eagle; mountain; steep; storm; vale; wind; wolf,,,,,,
s00726,Samuel Taylor Coleridge,The Rime of the Ancient Mariner,"And the coming wind did roar more loud, And the sails did sigh like sedge; And the rain poured down from one black cloud; The Moon was at its edge.",band_3plus,5,cloud; moon; rain; sedge; wind,,,,,,
s00008,Lord Byron,Childe Harold's Pilgrimage - Canto III (Lake Leman / Alps),"All heaven and earth are still--though not in sleep, But breathless, as we grow when feeling most; And silent, as we stand in thoughts too deep: -- All heaven and earth are still: from the high host Of stars, to the lulled lake and mountain-coast, All is concentered in a life intense, Where not a beam, nor air, nor leaf is lost, But hath a part of being, and a sense Of that which is of all Creator and defence.",band_3plus,5,air; coast; lake; mountain; star,,,,,,
s00545,Percy Shelley,Ode to the West Wind,"O wild West Wind, thou breath of Autumn’s being, Thou, from whose unseen presence the leaves dead Are driven, like ghosts from an enchanter fleeing, Yellow, and black, and pale, and hectic red, Pestilence-stricken multitudes: O thou, Who chariotest to their dark wintry bed The winged seeds, where they lie cold and low, Each like a corpse within its grave, until Thine azure sister of the Spring shall blow Her clarion o’er the dreaming earth, and fill (Driving sweet buds like flocks to feed in air) With living hues and odours plain and hill: Wild Spirit, which art moving everywhere; Destroyer and preserver; hear, oh, hear!",band_3plus,6,air; bed; hill; spring; west wind; wind,,,,,,
s00523,Percy Shelley,Mont Blanc,"Thus thou, Ravine of Arve—dark, deep Ravine— Thou many-coloured, many-voiced vale, Over whose pines, and crags, and caverns sail Fast cloud-shadows and sunbeams: awful scene, Where Power in likeness of the Arve comes down From the ice-gulfs that gird his secret throne, Bursting through these dark mountains like the flame Of lightning through the tempest;—thou dost lie, Thy giant brood of pines around thee clinging, Children of elder time, in whose devotion The chainless winds still come and ever came To drink their odours, and their mighty swinging To hear—an old and solemn harmony; Thine earthly rainbows stretched across the sweep Of the ethereal waterfall, whose veil Robes some unsculptured image; the strange sleep Which when the voices of the desert fail Wraps all in its own deep eternity;— Thy caverns echoing to the Arve’s commotion, A loud, lone sound no other sound can tame; Thou art pervaded with that ceaseless motion, Thou art the path of that unresting sound— Dizzy Ravine!",band_3plus,12,cavern; cloud; crag; mountain; pine; ravine; vale; waterfall; wind,,,,,,
s00002,Lord Byron,Childe Harold's Pilgrimage - Canto III (Lake Leman / Alps),"thy contrasted lake, With the wild world I dwelt in, is a thing Which warns me, with its stillness, to forsake Earth's troubled waters for a purer spring.",band_3plus,4,lake; spring; stillness; water,,,,,,
s00022,Lord Byron,Childe Harold's Pilgrimage - Canto III (Lake Leman / Alps),"Now, where the quick Rhone thus hath cleft his way, The mightiest of the storms hath ta'en his stand; For here, not one, but many, make their play, And fling their thunderbolts from hand to hand, Flashing and cast around: of all the band, The brightest through these parted hills hath forked His lightnings, as if he did understand That in such gaps as desolation worked, There the hot shaft should blast whatever therein lurked.",band_3plus,4,hill; lightning; storm; thunderbolt,,,,,,
s00633,Samuel Taylor Coleridge,The Rime of the Ancient Mariner,"The Sun now rose upon the right: Out of the sea came he, Still hid in mist, and on the left Went down into the sea.",band_3plus,3,sea; sun,,,,,,
s00033,Lord Byron,Childe Harold's Pilgrimage - Canto III (Lake Leman / Alps),"A populous solitude of bees and birds, And fairy-formed and many coloured things, Who worship him with notes more sweet than words, And innocently open their glad wings, Fearless and full of life: the gush of springs, And fall of lofty fountains, and the bend Of stirring branches, and the bud which brings The swiftest thought of beauty, here extend, Mingling, and made by Love, unto one mighty end.",band_3plus,6,bee; bird; branch; fall; fountain; spring,,,,,,
s00194,Mary Shelley,Frankenstein - Chapter 10 (Mont Blanc / glacier scene),"I looked on the valley beneath; vast mists were rising from the rivers which ran through it and curling in thick wreaths around the opposite mountains, whose summits were hid in the uniform clouds, while rain poured from the dark sky and added to the melancholy impression I received from the objects around me.",band_3plus,5,cloud; mountain; rain; river; valley,,,,,,
s00641,Samuel Taylor Coleridge,The Rime of the Ancient Mariner,"All in a hot and copper sky, The bloody Sun, at noon, Right up above the mast did stand, No bigger than the Moon.",band_3plus,3,copper; moon; sun,,,,,,
s00302,Mary Shelley,Frankenstein - Letters 1-4 (Arctic frame),"There—for with your leave, my sister, I will put some trust in preceding navigators—there snow and frost are banished; and, sailing over a calm sea, we may be wafted to a land surpassing in wonders and in beauty every region hitherto discovered on the habitable globe.",band_3plus,3,frost; sea; snow,,,,,,
s00643,Samuel Taylor Coleridge,The Rime of the Ancient Mariner,"Water, water, every where, And all the boards did shrink; Water, water, every where, Nor any drop to drink.",band_3plus,5,drop; water,,,,,,
s00192,Mary Shelley,Frankenstein - Chapter 10 (Mont Blanc / glacier scene),"The path, as you ascend higher, is intersected by ravines of snow, down which stones continually roll from above; one of them is particularly dangerous, as the slightest sound, such as even speaking in a loud voice, produces a concussion of air sufficient to draw destruction upon the head of the speaker.",band_3plus,3,air; ravine; snow,,,,,,
s00568,Percy Shelley,The Cloud,"Over the lakes and the plains, Wherever he dream, under mountain or stream, The Spirit he loves remains; And I all the while bask in Heaven’s blue smile, Whilst he is dissolving in rains.",band_3plus,4,lake; mountain; rain; stream,,,,,,
s00548,Percy Shelley,Ode to the West Wind,"Thou who didst waken from his summer dreams The blue Mediterranean, where he lay, Lulled by the coil of his crystalline streams, Beside a pumice isle in Baiae’s bay, And saw in sleep old palaces and towers Quivering within the wave’s intenser day, All overgrown with azure moss and flowers So sweet, the sense faints picturing them!",band_3plus,5,bay; blue; flower; stream; wave,,,,,,
s00634,Samuel Taylor Coleridge,The Rime of the Ancient Mariner,"And the good south wind still blew behind But no sweet bird did follow, Nor any day for food or play Came to the mariners' hollo!",band_3plus,3,bird; south wind; wind,,,,,,
s00563,Percy Shelley,The Cloud,"I bring fresh showers for the thirsting flowers, From the seas and the streams; I bear light shade for the leaves when laid In their noonday dreams.",band_3plus,4,flower; sea; shower; stream,,,,,,
s00533,Percy Shelley,Mont Blanc,"The fields, the lakes, the forests, and the streams, Ocean, and all the living things that dwell Within the daedal earth; lightning, and rain, Earthquake, and fiery flood, and hurricane, The torpor of the year when feeble dreams Visit the hidden buds, or dreamless sleep Holds every future leaf and flower;—the bound With which from that detested trance they leap; The works and ways of man, their death and birth, And that of him and all that his may be; All things that move and breathe with toil and sound Are born and die; revolve, subside, and swell.",band_3plus,6,hurricane; lake; lightning; ocean; rain; stream,,,,,,
s00106,Lord Byron,Manfred - Act II Scene II (Witch of the Alps),"It is not noon--the Sunbow's raysstill arch The torrent with the many hues of heaven, And roll the sheeted silver's waving column O'er the crag's headlong perpendicular, And fling its lines of foaming light along, And to and fro, like the pale courser's tail, The Giant steed, to be bestrode by Death, As told in the Apocalypse.",band_3plus,5,courser; crag; giant; steed; torrent,,,,,,
s00586,Percy Shelley,To a Skylark,"All the earth and air With thy voice is loud, As, when night is bare, From one lonely cloud The moon rains out her beams, and Heaven is overflowed.",band_3plus,3,air; cloud; moon,,,,,,
s00124,Lord Byron,Manfred - Act II Scene II (Witch of the Alps),"In these my early strength exulted; or To follow through the night the moving moon,70 The stars and their development; or catch The dazzling lightnings till my eyes grew dim; Or to look, list'ning, on the scattered leaves, While Autumn winds were at their evening song.",band_3plus,3,lightning; star; wind,,,,,,
s00541,Percy Shelley,Mont Blanc,"In the calm darkness of the moonless nights, In the lone glare of day, the snows descend Upon that Mountain; none beholds them there, Nor when the flakes burn in the sinking sun, Or the star-beams dart through them:—Winds contend Silently there, and heap the snow with breath Rapid and strong, but silently!",band_3plus,6,mountain; rapid; snow; star; sun,,,,,,
s00178,Mary Shelley,Frankenstein - Chapter 10 (Mont Blanc / glacier scene),"They congregated round me; the unstained snowy mountain-top, the glittering pinnacle, the pine woods, and ragged bare ravine, the eagle, soaring amidst the clouds—they all gathered round me and bade me be at peace.",band_3plus,6,cloud; eagle; mountain; pine; ravine; wood,,,,,,
s00181,Mary Shelley,Frankenstein - Chapter 10 (Mont Blanc / glacier scene),"The rain was pouring in torrents, and thick mists hid the summits of the mountains, so that I even saw not the faces of those mighty friends.",band_3plus,3,mountain; rain; torrent,,,,,,
s00539,Percy Shelley,Mont Blanc,"Below, vast caves Shine in the rushing torrents’ restless gleam, Which from those secret chasms in tumult welling Meet in the vale, and one majestic River, The breath and blood of distant lands, for ever Rolls its loud waters to the ocean waves, Breathes its swift vapours to the circling air.",band_3plus,8,air; cave; ocean; river; torrent; vale; water; wave,,,,,,
s00727,Samuel Taylor Coleridge,The Rime of the Ancient Mariner,"The thick black cloud was cleft, and still The Moon was at its side: Like waters shot from some high crag, The lightning fell with never a jag, A river steep and wide.",band_3plus,6,cloud; crag; lightning; moon; river; water,,,,,,
s00173,Mary Shelley,Frankenstein - Chapter 10 (Mont Blanc / glacier scene),"The abrupt sides of vast mountains were before me; the icy wall of the glacier overhung me; a few shattered pines were scattered around; and the solemn silence of this glorious presence-chamber of imperial Nature was broken only by the brawling waves or the fall of some vast fragment, the thunder sound of the avalanche or the cracking, reverberated along the mountains, of the accumulated ice, which, through the silent working of immutable laws, was ever and anon rent and torn, as if it had been but a plaything in their hands.",band_3plus,6,fall; mountain; pine; wall; wave,,,,,,
s00341,Mary Shelley,Frankenstein - Letters 1-4 (Arctic frame),"Your affectionate brother, R. Walton Archangel, 28th March, 17—. How slowly the time passes here, encompassed as I am by frost and snow!",band_3plus,3,archangel; frost; snow,,,,,,
s00808,Samuel Taylor Coleridge,The Rime of the Ancient Mariner,"I never saw aught like to them, Unless perchance it were ""Brown skeletons of leaves that lag My forest-brook along; When the ivy-tod is heavy with snow, And the owlet whoops to the wolf below, That eats the she-wolf's young.""",band_3plus,6,brook; ivy; owlet; snow; wolf,,,,,,
s00579,Percy Shelley,The Cloud,"For after the rain when with never a stain The pavilion of Heaven is bare, And the winds and sunbeams with their convex gleams Build up the blue dome of air, I silently laugh at my own cenotaph, And out of the caverns of rain, Like a child from the womb, like a ghost from the tomb, I arise and unbuild it again.",band_3plus,5,air; cavern; rain; wind,,,,,,
s00575,Percy Shelley,The Cloud,"I bind the Sun’s throne with a burning zone, And the Moon’s with a girdle of pearl; The volcanoes are dim, and the stars reel and swim, When the whirlwinds my banner unfurl.",band_3plus,5,moon; star; sun; volcano; whirlwind,,,,,,
s00032,Lord Byron,Childe Harold's Pilgrimage - Canto III (Lake Leman / Alps),"All things are here of HIM; from the black pines, Which are his shade on high, and the loud roar Of torrents, where he listeneth, to the vines Which slope his green path downward to the shore, Where the bowed waters meet him, and adore, Kissing his feet with murmurs; and the wood, The covert of old trees, with trunks all hoar, But light leaves, young as joy, stands where it stood, Offering to him, and his, a populous solitude.",band_3plus,8,black pine; pine; shore; torrent; tree; vine; water; wood,,,,,,
s00590,Percy Shelley,To a Skylark,"Like a rose embowered In its own green leaves, By warm winds deflowered, Till the scent it gives Makes faint with too much sweet those heavy-winged thieves: Sound of vernal showers On the twinkling grass, Rain-awakened flowers, All that ever was Joyous, and clear, and fresh, thy music doth surpass: Teach us, Sprite or Bird, What sweet thoughts are thine: I have never heard Praise of love or wine That panted forth a flood of rapture so divine.",band_3plus,7,bird; flower; grass; rain; rose; shower; wind,,,,,,
s00005,Lord Byron,Childe Harold's Pilgrimage - Canto III (Lake Leman / Alps),"Save darkened Jura, whose capt heights appear Precipitously steep; and drawing near, There breathes a living fragrance from the shore, Of flowers yet fresh with childhood; on the ear Drops the light drip of the suspended oar, Or chirps the grasshopper one good-night carol more; He is an evening reveller, who makes His life an infancy, and sings his fill; At intervals, some bird from out the brakes Starts into voice a moment, then is still.",band_3plus,4,bird; brake; flower; shore,,,,,,
s00669,Samuel Taylor Coleridge,The Rime of the Ancient Mariner,Almost upon the western wave Rested the broad bright Sun; When that strange shape drove suddenly Betwixt us and the Sun.,band_3plus,3,sun; wave,,,,,,
s00546,Percy Shelley,Ode to the West Wind,"Thou on whose stream, mid the steep sky’s commotion, Loose clouds like earth’s decaying leaves are shed, Shook from the tangled boughs of Heaven and Ocean, Angels of rain and lightning: there are spread On the blue surface of thine aery surge, Like the bright hair uplifted from the head Of some fierce Maenad, even from the dim verge Of the horizon to the zenith’s height, The locks of the approaching storm.",band_3plus,6,cloud; lightning; ocean; rain; storm; stream,,,,,,
s00535,Percy Shelley,Mont Blanc,"The glaciers creep Like snakes that watch their prey, from their far fountains, Slow rolling on; there, many a precipice, Frost and the Sun in scorn of mortal power Have piled: dome, pyramid, and pinnacle, A city of death, distinct with many a tower And wall impregnable of beaming ice.",band_3plus,8,fountain; frost; glacier; precipice; prey; snake; sun; wall,,,,,,
s00738,Samuel Taylor Coleridge,The Rime of the Ancient Mariner,"Sometimes a-dropping from the sky I heard the sky-lark sing; Sometimes all little birds that are, How they seemed to fill the sea and air With their sweet jargoning!",band_3plus,3,air; bird; sea,,,,,,
s00091,Lord Byron,Manfred - Act I Scene II (Jungfrau cliff),"The mists boil up around the glaciers; clouds Rise curling fast beneath me, white and sulphury, Like foam from the roused ocean of deep Hell,Whose every wave breaks on a living shore, Heaped with the damned like pebbles.--I am giddy._C. Hun_.",band_3plus,6,cloud; glacier; ocean; rise; shore; wave,,,,,,
s00172,Mary Shelley,Frankenstein - Chapter 10 (Mont Blanc / glacier scene),"I stood beside the sources of the Arveiron, which take their rise in a glacier, that with slow pace is advancing down from the summit of the hills to barricade the valley.",band_3plus,4,glacier; hill; rise; valley,,,,,,
s00687,Samuel Taylor Coleridge,The Rime of the Ancient Mariner,"The stars were dim, and thick the night, The steersman's face by his lamp gleamed white; From the sails the dew did drip-- Till clombe above the eastern bar The horned Moon, with one bright star Within the nether tip.",band_3plus,5,bar; dew; moon; star,,,,,,
s00628,Samuel Taylor Coleridge,The Rime of the Ancient Mariner,"And a good south wind sprung up behind; The Albatross did follow, And every day, for food or play, Came to the mariners' hollo!",band_3plus,3,albatross; south wind; wind,,,,,,
s00757,Samuel Taylor Coleridge,The Rime of the Ancient Mariner,"Still as a slave before his lord, The OCEAN hath no blast; His great bright eye most silently Up to the Moon is cast--",band_3plus,3,blast; moon; ocean,,,,,,
s00006,Lord Byron,Childe Harold's Pilgrimage - Canto III (Lake Leman / Alps),"There seems a floating whisper on the hill, But that is fancy, for the starlight dews All silently their tears of love instil, Weeping themselves away, till they infuse Deep into Nature's breast the spirit of her hues.",band_3plus,3,deep; dew; hill,,,,,,
s00567,Percy Shelley,The Cloud,"Sublime on the towers of my skiey bowers, Lightning my pilot sits; In a cavern under is fettered the thunder, It struggles and howls at fits; Over earth and ocean, with gentle motion, This pilot is guiding me, Lured by the love of the genii that move In the depths of the purple sea; Over the rills, and the crags, and the hills.",band_3plus,7,cavern; crag; hill; lightning; ocean; rill; sea,,,,,,
s00566,Percy Shelley,The Cloud,"I sift the snow on the mountains below, And their great pines groan aghast; And all the night ’tis my pillow white, While I sleep in the arms of the blast.",band_3plus,4,blast; mountain; pine; snow,,,,,,
s00859,William Wordsworth,Lines Written a Few Miles above Tintern Abbey,"Therefore let the moon Shine on thee in thy solitary walk; And let the misty mountain winds be free To blow against thee: and in after years, When these wild ecstasies shall be matured Into a sober pleasure, when thy mind Shall be a mansion for all lovely forms, Thy memory be as a dwelling-place For all sweet sounds and harmonies; Oh!",band_3plus,3,moon; mountain; wind,,,,,,
s00522,Percy Shelley,Mont Blanc,"The everlasting universe of things Flows through the mind, and rolls its rapid waves, Now dark—now glittering—now reflecting gloom— Now lending splendour, where from secret springs The source of human thought its tribute brings Of waters,—with a sound but half its own, Such as a feeble brook will oft assume In the wild woods, among the mountains lone, Where waterfalls around it leap for ever, Where woods and winds contend, and a vast river Over its rocks ceaselessly bursts and raves.",band_3plus,9,brook; mountain; river; spring; waterfall; wave; wind; wood,,,,,,
s00550,Percy Shelley,Ode to the West Wind,"If I were a dead leaf thou mightest bear; If I were a swift cloud to fly with thee; A wave to pant beneath thy power, and share The impulse of thy strength, only less free Than thou, O uncontrollable!",band_3plus,3,bear; cloud; wave,,,,,,
s00711,Samuel Taylor Coleridge,The Rime of the Ancient Mariner,"Beyond the shadow of the ship, I watched the water-snakes: They moved in tracks of shining white, And when they reared, the elfish light Fell off in hoary flakes.",band_3plus,3,snake; water; water snake,,,,,,
s00537,Percy Shelley,Mont Blanc,"The dwelling-place Of insects, beasts, and birds, becomes its spoil; Their food and their retreat for ever gone, So much of life and joy is lost.",band_3plus,3,beast; bird; insect,,,,,,
s00127,Lord Byron,Manfred - Act II Scene II (Witch of the Alps),"Then I passed-- The nights of years in sciences untaught, Save in the old-time; and with time and toil, And terrible ordeal, and such penance As in itself hath power upon the air, And spirits that do compass air and earth, Space, and the peopled Infinite, I made Mine eyes familiar with Eternity, 90 Such as, before me, did the Magi, and He who from out their fountain-dwellings raised Eros and Anteros,at Gadara, As I do thee;--and with my knowledge grew The thirst of knowledge, and the power and joy Of this most bright intelligence, until---- _",band_3plus,3,air; fountain,,,,,,
s00011,Lord Byron,Childe Harold's Pilgrimage - Canto III (Lake Leman / Alps),"Come, and compare Columns and idol-dwellings, Goth or Greek, With Nature's realms of worship, earth and air, Nor fix on fond abodes to circumscribe thy prayer!",band_1,1,air,,,,,,
s00858,William Wordsworth,Lines Written a Few Miles above Tintern Abbey,"And this prayer I make, Knowing that Nature never did betray The heart that loved her; ’tis her privilege, Through all the years of this our life, to lead From joy to joy: for she can so inform The mind that is within us, so impress With quietness and beauty, and so feed With lofty thoughts, that neither evil tongues, Rash judgments, nor the sneers of selfish men, Nor greetings where no kindness is, nor all The dreary intercourse of daily life, Shall e’er prevail against us, or disturb Our chearful faith that all which we behold Is full of blessings.",band_0,0,,,,,,,
s00875,William Wordsworth,The Tables Turned,"And he is no mean preacher; Come forth into the light of things, Let Nature be your teacher.",band_0,0,,,,,,,
